{"calculated": true, "Message": "", "method": {"precision": 0.8410292562566091, "recall": 0.5180199739470256, "hmean": 0.6411393255407767, "AP": 0}}