{"precision": 0.3333333333333333, "recall": 0.02040816326530612, "hmean": 0.03846153846153846, "pairs": [{"gt": 1, "det": 2}], "AP": 0, "iouMat": [[0.36818700799230814, 0.05428122960754095, 0.0], [0.13080534979958655, 0.3939187766145625, 0.5222988505747126], [0.0, 0.0, 0.0], [0.0, 0.0, 0.0], [0.0, 0.0, 0.0], [0.0, 0.0, 0.0], [0.0, 0.0, 0.0], [0.0, 0.0, 0.0], [0.0, 0.0, 0.0], [0.0, 0.0, 0.0], [0.0, 0.0, 0.0], [0.0, 0.0, 0.0], [0.0, 0.0, 0.0], [0.0, 0.0, 0.0], [0.0, 0.0, 0.0], [0.0, 0.0, 0.0], [0.0, 0.0, 0.0], [0.0, 0.0, 0.0], [0.0, 0.0, 0.0], [0.0, 0.0, 0.0], [0.0, 0.0, 0.0], [0.0, 0.0, 0.0], [0.0, 0.0, 0.0], [0.0, 0.0, 0.0], [0.0, 0.0, 0.0], [0.0, 0.0, 0.0], [0.0, 0.0, 0.0], [0.0, 0.0, 0.0], [0.0, 0.0, 0.0], [0.0, 0.0, 0.0], [0.0, 0.0, 0.0], [0.0, 0.0, 0.0], [0.0, 0.0, 0.0], [0.0, 0.0, 0.0], [0.0, 0.0, 0.0], [0.0, 0.0, 0.0], [0.0, 0.0, 0.0], [0.0, 0.0, 0.0], [0.0, 0.0, 0.0], [0.0, 0.0, 0.0], [0.0, 0.0, 0.0], [0.0, 0.0, 0.0], [0.0, 0.0, 0.0], [0.0, 0.0, 0.0], [0.0, 0.0, 0.0], [0.0, 0.0, 0.0], [0.0, 0.0, 0.0], [0.0, 0.0, 0.0], [0.0, 0.0, 0.0]], "gtPolPoints": [[2098.0, 408.0, 2126.0, 551.0, 2084.0, 560.0, 2058.0, 414.0], [2129.0, 573.0, 2235.0, 1176.0, 2184.0, 1185.0, 2075.0, 582.0], [2238.0, 1197.0, 2269.0, 1357.0, 2225.0, 1365.0, 2196.0, 1202.0], [2271.0, 1374.0, 2283.0, 1445.0, 2242.0, 1452.0, 2230.0, 1380.0], [2028.0, 422.0, 2065.0, 642.0, 2029.0, 649.0, 1989.0, 425.0], [2073.0, 664.0, 2103.0, 845.0, 2054.0, 853.0, 2023.0, 671.0], [2108.0, 864.0, 2114.0, 903.0, 2076.0, 911.0, 2069.0, 870.0], [2117.0, 925.0, 2149.0, 1118.0, 2112.0, 1124.0, 2079.0, 932.0], [2152.0, 1136.0, 2170.0, 1223.0, 2128.0, 1230.0, 2114.0, 1142.0], [2176.0, 1245.0, 2182.0, 1282.0, 2139.0, 1288.0, 2134.0, 1254.0], [2174.0, 1299.0, 2185.0, 1359.0, 2154.0, 1364.0, 2143.0, 1304.0], [2200.0, 1378.0, 2227.0, 1530.0, 2177.0, 1539.0, 2150.0, 1386.0], [1958.0, 434.0, 1999.0, 666.0, 1961.0, 674.0, 1919.0, 441.0], [2003.0, 683.0, 2046.0, 912.0, 2004.0, 920.0, 1964.0, 692.0], [2048.0, 930.0, 2093.0, 1185.0, 2052.0, 1193.0, 2001.0, 938.0], [2097.0, 1208.0, 2107.0, 1268.0, 2058.0, 1275.0, 2048.0, 1218.0], [2109.0, 1285.0, 2150.0, 1508.0, 2107.0, 1516.0, 2071.0, 1293.0], [2154.0, 1527.0, 2167.0, 1613.0, 2121.0, 1620.0, 2106.0, 1534.0], [1885.0, 448.0, 1895.0, 495.0, 1858.0, 502.0, 1849.0, 453.0], [1901.0, 515.0, 1913.0, 582.0, 1868.0, 589.0, 1856.0, 519.0], [1919.0, 604.0, 1947.0, 760.0, 1899.0, 768.0, 1869.0, 612.0], [1948.0, 782.0, 1954.0, 816.0, 1914.0, 822.0, 1909.0, 790.0], [1959.0, 834.0, 1993.0, 1029.0, 1951.0, 1034.0, 1917.0, 841.0], [1995.0, 1045.0, 2005.0, 1094.0, 1963.0, 1100.0, 1955.0, 1052.0], [1997.0, 1110.0, 2002.0, 1137.0, 1970.0, 1143.0, 1966.0, 1116.0], [2016.0, 1157.0, 2036.0, 1281.0, 1988.0, 1288.0, 1967.0, 1167.0], [2036.0, 1298.0, 2052.0, 1373.0, 2012.0, 1379.0, 1998.0, 1304.0], [2056.0, 1389.0, 2066.0, 1438.0, 2024.0, 1445.0, 2017.0, 1395.0], [2068.0, 1454.0, 2102.0, 1647.0, 2061.0, 1655.0, 2026.0, 1462.0], [1821.0, 459.0, 1853.0, 635.0, 1802.0, 644.0, 1771.0, 467.0], [1854.0, 655.0, 1874.0, 755.0, 1831.0, 764.0, 1813.0, 659.0], [1876.0, 776.0, 1889.0, 852.0, 1849.0, 858.0, 1837.0, 784.0], [1894.0, 872.0, 1920.0, 1030.0, 1880.0, 1039.0, 1853.0, 877.0], [1926.0, 1053.0, 1950.0, 1204.0, 1911.0, 1211.0, 1878.0, 1060.0], [1956.0, 1221.0, 1997.0, 1455.0, 1954.0, 1461.0, 1914.0, 1228.0], [1994.0, 1472.0, 2014.0, 1560.0, 1973.0, 1567.0, 1958.0, 1477.0], [2018.0, 1582.0, 2028.0, 1640.0, 1987.0, 1647.0, 1977.0, 1588.0], [1751.0, 473.0, 1777.0, 624.0, 1727.0, 631.0, 1699.0, 477.0], [1777.0, 644.0, 1827.0, 908.0, 1778.0, 916.0, 1732.0, 648.0], [1829.0, 932.0, 1834.0, 965.0, 1796.0, 971.0, 1792.0, 940.0], [1841.0, 984.0, 1846.0, 1020.0, 1805.0, 1025.0, 1800.0, 990.0], [1849.0, 1038.0, 1870.0, 1152.0, 1828.0, 1159.0, 1808.0, 1044.0], [1870.0, 1170.0, 1878.0, 1218.0, 1841.0, 1225.0, 1834.0, 1179.0], [1882.0, 1234.0, 1904.0, 1350.0, 1864.0, 1356.0, 1844.0, 1244.0], [1907.0, 1370.0, 1925.0, 1459.0, 1882.0, 1466.0, 1867.0, 1378.0], [1925.0, 1476.0, 1940.0, 1573.0, 1904.0, 1579.0, 1888.0, 1485.0], [1675.0, 485.0, 1720.0, 724.0, 1671.0, 730.0, 1631.0, 489.0], [1727.0, 738.0, 1750.0, 878.0, 1709.0, 887.0, 1685.0, 745.0], [1754.0, 900.0, 1806.0, 1207.0, 1762.0, 1216.0, 1706.0, 907.0]], "detPolPoints": [[2050.0, 394.0, 2104.0, 385.0, 2153.0, 685.0, 2099.0, 694.0], [2082.0, 527.0, 2129.0, 522.0, 2168.0, 896.0, 2121.0, 901.0], [2117.0, 796.0, 2160.0, 787.0, 2226.0, 1172.0, 2183.0, 1179.0]], "gtDontCare": [], "detDontCare": [], "evaluationParams": {"IOU_CONSTRAINT": 0.5, "AREA_PRECISION_CONSTRAINT": 0.5, "GT_SAMPLE_NAME_2_ID": "gt_img_([0-9]+).txt", "DET_SAMPLE_NAME_2_ID": "res_img_([0-9]+).txt", "LTRB": false, "CRLF": false, "CONFIDENCES": false, "PER_SAMPLE_RESULTS": true}, "evaluationLog": "GT polygons: 49\nDET polygons: 3\nMatch GT #1 with Det #2\n"}