{"calculated": true, "Message": "", "method": {"precision": 0.8468025298664793, "recall": 0.523230568823274, "hmean": 0.6468062265163714, "AP": 0}}