{"precision": 0.25, "recall": 0.061224489795918366, "hmean": 0.09836065573770492, "pairs": [{"gt": 13, "det": 2}, {"gt": 32, "det": 6}, {"gt": 48, "det": 11}], "AP": 0, "iouMat": [[0.10706967213114754, 0.0, 0.0, 0.0, 0.0, 0.0, 0.0, 0.0, 0.0, 0.0, 0.0, 0.0], [0.4764344262295082, 0.0, 0.0, 0.0, 0.0, 0.0, 0.0, 0.0, 0.0, 0.0, 0.0, 0.0], [0.1290983606557377, 0.0, 0.0, 0.0, 0.0, 0.0, 0.0, 0.0, 0.0, 0.0, 0.0, 0.0], [0.0, 0.0, 0.0, 0.0, 0.0, 0.0, 0.0, 0.0, 0.0, 0.0, 0.0, 0.0], [0.0, 0.19772727272727272, 0.0, 0.0, 0.0, 0.0, 0.0, 0.0, 0.0, 0.0, 0.0, 0.0], [0.0, 0.16574585635359115, 0.0, 0.0, 0.0, 0.0, 0.0, 0.0, 0.0, 0.0, 0.0, 0.0], [0.0, 0.04772727272727273, 0.0, 0.0, 0.0, 0.0, 0.0, 0.0, 0.0, 0.0, 0.0, 0.0], [0.0, 0.15625, 0.0, 0.0, 0.0, 0.0, 0.0, 0.0, 0.0, 0.0, 0.0, 0.0], [0.0, 0.075, 0.0, 0.0, 0.0, 0.0, 0.0, 0.0, 0.0, 0.0, 0.0, 0.0], [0.0, 0.023702031602708805, 0.0, 0.0, 0.0, 0.0, 0.0, 0.0, 0.0, 0.0, 0.0, 0.0], [0.0, 0.0, 0.0, 0.0, 0.0, 0.0, 0.0, 0.0, 0.0, 0.0, 0.0, 0.0], [0.0, 0.0, 0.0, 0.0, 0.0, 0.0, 0.0, 0.0, 0.0, 0.0, 0.0, 0.0], [0.0, 0.0, 0.0, 0.0, 0.0, 0.0, 0.0, 0.0, 0.0, 0.0, 0.0, 0.0], [0.0, 0.0, 0.6744186046511628, 0.0, 0.0, 0.0, 0.0, 0.0, 0.0, 0.0, 0.0, 0.0], [0.0, 0.0, 0.0, 0.28523489932885904, 0.0, 0.0, 0.0, 0.0, 0.0, 0.0, 0.0, 0.0], [0.0, 0.0, 0.0, 0.07939632545931727, 0.0, 0.0, 0.0, 0.0, 0.0, 0.0, 0.0, 0.0], [0.0, 0.0, 0.0, 0.26032315978456017, 0.0, 0.0, 0.0, 0.0, 0.0, 0.0, 0.0, 0.0], [0.0, 0.0, 0.0, 0.1111111111111111, 0.0, 0.0, 0.0, 0.0, 0.0, 0.0, 0.0, 0.0], [0.0, 0.0, 0.0, 0.0, 0.0, 0.0, 0.0, 0.0, 0.0, 0.0, 0.0, 0.0], [0.0, 0.0, 0.0, 0.0, 0.0, 0.0, 0.0, 0.0, 0.0, 0.0, 0.0, 0.0], [0.0, 0.0, 0.0, 0.0, 0.31343283582089554, 0.0, 0.0, 0.0, 0.0, 0.0, 0.0, 0.0], [0.0, 0.0, 0.0, 0.0, 0.0625, 0.0, 0.0, 0.0, 0.0, 0.0, 0.0, 0.0], [0.0, 0.0, 0.0, 0.0, 0.3705357142857143, 0.0, 0.0, 0.0, 0.0, 0.0, 0.0, 0.0], [0.0, 0.0, 0.0, 0.0, 0.0, 0.0, 0.0, 0.0, 0.0, 0.0, 0.0, 0.0], [0.0, 0.0, 0.0, 0.0, 0.0, 0.0, 0.0, 0.0, 0.0, 0.0, 0.0, 0.0], [0.0, 0.0, 0.0, 0.0, 0.0, 0.23741007194244604, 0.0, 0.0, 0.0, 0.0, 0.0, 0.0], [0.0, 0.0, 0.0, 0.0, 0.0, 0.171875, 0.0, 0.0, 0.0, 0.0, 0.0, 0.0], [0.0, 0.0, 0.0, 0.0, 0.0, 0.09846547314578005, 0.0, 0.0, 0.0, 0.0, 0.0, 0.0], [0.0, 0.0, 0.0, 0.0, 0.0, 0.36363636363636365, 0.0, 0.0, 0.0, 0.0, 0.0, 0.0], [0.0, 0.0, 0.0, 0.0, 0.0, 0.0, 0.0, 0.0, 0.0, 0.0, 0.0, 0.0], [0.0, 0.0, 0.0, 0.0, 0.0, 0.0, 0.0, 0.0, 0.0, 0.0, 0.0, 0.0], [0.0, 0.0, 0.0, 0.0, 0.0, 0.0, 0.0, 0.0, 0.0, 0.0, 0.0, 0.0], [0.0, 0.0, 0.0, 0.0, 0.0, 0.0, 0.766413577489952, 0.0, 0.0, 0.0, 0.0, 0.0], [0.0, 0.0, 0.0, 0.0, 0.0, 0.0, 0.0, 0.0, 0.0, 0.0, 0.0, 0.0], [0.0, 0.0, 0.0, 0.0, 0.0, 0.0, 0.0, 0.45081967213114754, 0.0, 0.0, 0.0, 0.0], [0.0, 0.0, 0.0, 0.0, 0.0, 0.0, 0.0, 0.21052631578947367, 0.0, 0.0, 0.0, 0.0], [0.0, 0.0, 0.0, 0.0, 0.0, 0.0, 0.0, 0.11764705882352941, 0.0, 0.0, 0.0, 0.0], [0.0, 0.0, 0.0, 0.0, 0.0, 0.0, 0.0, 0.0, 0.24756421612046084, 0.0, 0.0, 0.0], [0.0, 0.0, 0.0, 0.0, 0.0, 0.0, 0.0, 0.0, 0.35653036557276147, 0.0, 0.0, 0.0], [0.0, 0.0, 0.0, 0.0, 0.0, 0.0, 0.0, 0.0, 0.0, 0.0, 0.0, 0.0], [0.0, 0.0, 0.0, 0.0, 0.0, 0.0, 0.0, 0.0, 0.0, 0.0, 0.0, 0.0], [0.0, 0.0, 0.0, 0.0, 0.0, 0.0, 0.0, 0.0, 0.0, 0.005057657293142187, 0.0, 0.0], [0.0, 0.0, 0.0, 0.0, 0.0, 0.0, 0.0, 0.0, 0.0, 0.09516616314199396, 0.0, 0.0], [0.0, 0.0, 0.0, 0.0, 0.0, 0.0, 0.0, 0.0, 0.0, 0.23529411764705882, 0.0, 0.0], [0.0, 0.0, 0.0, 0.0, 0.0, 0.0, 0.0, 0.0, 0.0, 0.19287833827893175, 0.0, 0.0], [0.0, 0.0, 0.0, 0.0, 0.0, 0.0, 0.0, 0.0, 0.0, 0.166460549097204, 0.0, 0.0], [0.0, 0.0, 0.0, 0.0, 0.0, 0.0, 0.0, 0.0, 0.0, 0.0, 0.2692307692307692, 0.0], [0.0, 0.0, 0.0, 0.0, 0.0, 0.0, 0.0, 0.0, 0.0, 0.0, 0.25, 0.0], [0.0, 0.0, 0.0, 0.0, 0.0, 0.0, 0.0, 0.0, 0.0, 0.0, 0.0, 0.7774486206258119]], "gtPolPoints": [[163.0, 101.0, 182.0, 101.0, 182.0, 107.0, 163.0, 106.0], [184.0, 101.0, 261.0, 102.0, 262.0, 107.0, 184.0, 108.0], [263.0, 101.0, 284.0, 101.0, 284.0, 107.0, 263.0, 107.0], [286.0, 102.0, 296.0, 102.0, 296.0, 107.0, 286.0, 107.0], [163.0, 110.0, 192.0, 110.0, 192.0, 116.0, 163.0, 116.0], [193.0, 110.0, 218.0, 110.0, 218.0, 117.0, 193.0, 117.0], [219.0, 110.0, 226.0, 110.0, 226.0, 116.0, 219.0, 116.0], [227.0, 110.0, 252.0, 111.0, 252.0, 116.0, 227.0, 116.0], [254.0, 110.0, 266.0, 111.0, 266.0, 116.0, 254.0, 116.0], [269.0, 110.0, 273.0, 110.0, 273.0, 116.0, 268.0, 116.0], [274.0, 111.0, 283.0, 111.0, 283.0, 116.0, 275.0, 116.0], [284.0, 110.0, 305.0, 110.0, 305.0, 116.0, 284.0, 117.0], [163.0, 118.0, 192.0, 118.0, 192.0, 124.0, 163.0, 124.0], [195.0, 119.0, 225.0, 119.0, 225.0, 125.0, 195.0, 125.0], [226.0, 119.0, 260.0, 119.0, 260.0, 126.0, 226.0, 126.0], [261.0, 119.0, 270.0, 119.0, 270.0, 126.0, 262.0, 126.0], [271.0, 119.0, 300.0, 119.0, 300.0, 125.0, 271.0, 125.0], [302.0, 119.0, 314.0, 119.0, 314.0, 125.0, 302.0, 125.0], [163.0, 128.0, 170.0, 128.0, 170.0, 134.0, 163.0, 134.0], [171.0, 127.0, 182.0, 127.0, 182.0, 134.0, 171.0, 134.0], [183.0, 127.0, 204.0, 127.0, 204.0, 135.0, 183.0, 135.0], [206.0, 127.0, 210.0, 127.0, 210.0, 134.0, 206.0, 134.0], [213.0, 127.0, 238.0, 128.0, 238.0, 134.0, 212.0, 134.0], [239.0, 127.0, 246.0, 127.0, 246.0, 134.0, 239.0, 134.0], [247.0, 128.0, 252.0, 128.0, 252.0, 134.0, 248.0, 134.0], [253.0, 127.0, 270.0, 127.0, 270.0, 135.0, 254.0, 135.0], [271.0, 128.0, 282.0, 128.0, 282.0, 134.0, 271.0, 134.0], [283.0, 127.0, 290.0, 127.0, 290.0, 133.0, 283.0, 134.0], [291.0, 127.0, 316.0, 127.0, 317.0, 134.0, 291.0, 134.0], [163.0, 136.0, 187.0, 136.0, 187.0, 144.0, 163.0, 143.0], [188.0, 136.0, 202.0, 136.0, 202.0, 142.0, 188.0, 142.0], [204.0, 136.0, 214.0, 136.0, 214.0, 142.0, 204.0, 142.0], [216.0, 136.0, 237.0, 136.0, 237.0, 143.0, 215.0, 143.0], [238.0, 136.0, 258.0, 136.0, 258.0, 143.0, 238.0, 143.0], [260.0, 136.0, 290.0, 137.0, 290.0, 143.0, 260.0, 143.0], [292.0, 136.0, 304.0, 136.0, 304.0, 142.0, 292.0, 143.0], [306.0, 137.0, 314.0, 137.0, 314.0, 142.0, 306.0, 143.0], [163.0, 145.0, 184.0, 146.0, 183.0, 152.0, 163.0, 152.0], [185.0, 146.0, 220.0, 145.0, 220.0, 152.0, 184.0, 152.0], [222.0, 145.0, 227.0, 145.0, 227.0, 151.0, 222.0, 151.0], [228.0, 145.0, 233.0, 145.0, 234.0, 151.0, 228.0, 151.0], [236.0, 145.0, 250.0, 145.0, 251.0, 151.0, 235.0, 151.0], [252.0, 145.0, 259.0, 146.0, 259.0, 151.0, 252.0, 151.0], [260.0, 145.0, 276.0, 145.0, 276.0, 151.0, 260.0, 151.0], [277.0, 145.0, 290.0, 145.0, 290.0, 151.0, 277.0, 151.0], [291.0, 146.0, 303.0, 145.0, 304.0, 151.0, 291.0, 151.0], [163.0, 155.0, 194.0, 155.0, 194.0, 161.0, 163.0, 161.0], [196.0, 154.0, 214.0, 154.0, 214.0, 160.0, 195.0, 160.0], [216.0, 154.0, 256.0, 155.0, 256.0, 160.0, 216.0, 161.0]], "detPolPoints": [[162.0, 100.0, 284.0, 100.0, 284.0, 108.0, 162.0, 108.0], [162.0, 108.0, 272.0, 108.0, 272.0, 116.0, 162.0, 116.0], [194.0, 118.0, 224.0, 118.0, 224.0, 124.0, 194.0, 124.0], [226.0, 118.0, 314.0, 118.0, 314.0, 124.0, 226.0, 124.0], [182.0, 126.0, 238.0, 126.0, 238.0, 134.0, 182.0, 134.0], [252.0, 128.0, 316.0, 128.0, 316.0, 134.0, 252.0, 134.0], [214.0, 136.0, 236.0, 136.0, 236.0, 142.0, 214.0, 142.0], [258.0, 136.0, 314.0, 136.0, 314.0, 142.0, 258.0, 142.0], [162.0, 144.0, 218.0, 144.0, 218.0, 150.0, 162.0, 150.0], [250.0, 144.0, 304.0, 144.0, 304.0, 150.0, 250.0, 150.0], [180.0, 154.0, 204.0, 154.0, 204.0, 160.0, 180.0, 160.0], [214.0, 154.0, 254.0, 154.0, 254.0, 160.0, 214.0, 160.0]], "gtDontCare": [], "detDontCare": [], "evaluationParams": {"IOU_CONSTRAINT": 0.5, "AREA_PRECISION_CONSTRAINT": 0.5, "GT_SAMPLE_NAME_2_ID": "gt_img_([0-9]+).txt", "DET_SAMPLE_NAME_2_ID": "res_img_([0-9]+).txt", "LTRB": false, "CRLF": false, "CONFIDENCES": false, "PER_SAMPLE_RESULTS": true}, "evaluationLog": "GT polygons: 49\nDET polygons: 12\nMatch GT #13 with Det #2\nMatch GT #32 with Det #6\nMatch GT #48 with Det #11\n"}