{"precision": 0.18181818181818182, "recall": 0.04081632653061224, "hmean": 0.06666666666666667, "pairs": [{"gt": 27, "det": 8}, {"gt": 42, "det": 9}], "AP": 0, "iouMat": [[0.0, 0.0, 0.0, 0.0, 0.0, 0.0, 0.0, 0.0, 0.0, 0.0, 0.0], [0.0, 0.0, 0.0, 0.0, 0.0, 0.0, 0.0, 0.0, 0.0, 0.0, 0.0], [0.0, 0.0, 0.0, 0.0, 0.0, 0.0, 0.0, 0.0, 0.0, 0.0, 0.0], [0.0, 0.0, 0.0, 0.0, 0.0, 0.0, 0.0, 0.0, 0.0, 0.0, 0.0], [0.0, 0.0, 0.0, 0.0, 0.0, 0.0, 0.0, 0.0, 0.0, 0.0, 0.0], [0.0, 0.0, 0.0, 0.0, 0.0, 0.0, 0.0, 0.0, 0.0, 0.0, 0.0], [0.0, 0.46065375302663436, 0.0, 0.0, 0.0, 0.0, 0.0, 0.0, 0.0, 0.0, 0.0], [0.0, 0.0, 0.0, 0.0, 0.0, 0.0, 0.0, 0.0, 0.0, 0.0, 0.0], [0.0, 0.0, 0.0, 0.0, 0.0, 0.0, 0.0, 0.0, 0.0, 0.0, 0.0], [0.0, 0.0, 0.0, 0.4362244897959184, 0.0, 0.0, 0.0, 0.0, 0.0, 0.0, 0.0], [0.0, 0.0, 0.0, 0.0, 0.43676814988290397, 0.0, 0.0, 0.0, 0.0, 0.0, 0.0], [0.0, 0.0, 0.0, 0.0, 0.0, 0.0, 0.0, 0.0, 0.0, 0.0, 0.0], [0.0037012709365901357, 0.0, 0.0, 0.0, 0.0, 0.0, 0.0, 0.0, 0.0, 0.0, 0.0], [0.0, 0.0, 0.0, 0.0, 0.0, 0.0, 0.0, 0.0, 0.0, 0.0, 0.0], [0.0, 0.0, 0.0, 0.0, 0.0, 0.0065941113692699355, 3.3776987813325943e-06, 0.0, 0.0, 0.0, 0.0], [0.0, 0.0, 0.0, 0.0, 0.0, 0.0, 0.49687705456936226, 0.0, 0.0, 0.0, 0.0], [0.0, 0.0, 0.0, 0.0, 0.0, 0.0, 0.0, 0.0, 0.0, 0.0, 0.0], [0.0, 0.0, 0.0, 0.0, 0.0, 0.0, 0.0, 0.0, 0.0, 0.0, 0.0], [0.160563730827863, 0.0, 0.0, 0.0, 0.0, 0.0, 0.0, 0.0, 0.0, 0.0, 0.0], [0.26356650647421087, 0.0, 0.0, 0.0, 0.0, 0.0, 0.0, 0.0, 0.0, 0.0, 0.0], [0.0, 0.0, 0.0, 0.0, 0.0, 0.0, 0.0, 0.0, 0.0, 0.0, 0.0], [0.0, 0.0, 0.43042452830188677, 0.0, 0.0, 0.0, 0.0, 0.0, 0.0, 0.0, 0.0], [0.0, 0.0, 0.0015262240263696823, 0.0, 0.0, 0.0, 0.0, 0.0, 0.0, 0.0, 0.0], [0.0, 0.0, 0.0, 0.0, 0.0, 0.26942983510910784, 0.0, 0.0, 0.0, 0.0, 0.0], [0.0, 0.0, 0.0, 0.0, 0.0, 0.11063453159041395, 0.0, 0.0, 0.0, 0.0, 0.0], [0.0, 0.0, 0.0, 0.0, 0.0, 0.0, 0.0008410029401670129, 0.0, 0.0, 0.0, 0.0], [0.0, 0.0, 0.0, 0.0, 0.0, 0.0, 0.0, 0.0, 0.0, 0.0, 0.0], [0.0, 0.0, 0.0, 0.0, 0.0, 0.0, 0.0, 0.0, 0.594907723989578, 0.0, 0.0], [0.0, 0.0, 0.0, 0.0, 0.0, 0.0, 0.0, 0.0, 0.00011860087012666271, 0.0, 0.0], [0.03685921810475222, 0.0, 0.0, 0.0, 0.0, 0.0, 0.0, 0.0, 0.0, 0.0, 0.0], [0.0, 0.0, 0.0, 0.0, 0.0, 0.0, 0.0, 0.0, 0.0, 0.0, 0.0], [0.0, 0.0, 0.0, 0.0, 0.0, 0.0, 0.0, 0.0, 0.0, 0.0, 0.0], [0.0, 0.0, 0.0, 0.0, 0.0, 0.0, 0.0, 7.764106925096697e-06, 0.0, 0.0, 0.0], [0.0, 0.0, 0.0, 0.0, 0.0, 0.001776255993591163, 0.0, 0.0, 0.0, 0.0, 0.0], [0.0, 0.0, 0.0, 0.0, 0.0, 0.0, 0.0, 0.0, 0.0, 0.0, 0.0], [0.0, 0.0, 0.0, 0.0, 0.0, 0.0, 0.0, 0.0, 0.0, 0.0, 0.00037617499167871696], [0.0, 0.0, 0.0, 0.0, 0.0, 0.0, 0.0, 0.0, 0.0, 0.0, 0.41246570644718794], [0.0, 0.0, 0.0, 0.0, 0.0, 0.0, 0.0, 0.0, 0.0, 0.0, 0.0], [0.0, 0.0, 0.0, 0.0, 0.0, 0.0, 0.0, 0.0, 0.0, 0.0, 0.0], [0.0, 0.0, 0.0, 0.0, 0.0, 0.0, 0.0, 0.15189255189255188, 0.0, 0.0, 0.0], [0.0, 0.0, 0.0, 0.0, 0.0, 0.0, 0.0, 0.17936507936507937, 0.0, 0.0, 0.0], [0.0, 0.0, 0.0, 0.0, 0.0, 0.0, 0.0, 5.295531865578705e-06, 0.0, 0.0, 0.0], [0.0, 0.0, 0.0, 0.0, 0.0, 0.0, 0.0, 0.0, 0.0, 0.5038968019349637, 0.0], [0.0, 0.0, 0.0, 0.0, 0.0, 0.0, 0.0, 0.0, 0.0, 0.0, 0.0], [0.0, 0.0, 0.0, 0.0, 0.0, 0.0, 0.0, 0.0, 0.0, 0.0, 0.0], [0.0, 0.0, 0.0, 0.0, 0.0, 0.0, 0.0, 0.0, 0.0, 0.0, 0.0], [0.0, 0.0, 0.0, 0.0, 0.0, 0.0, 0.0, 0.0, 0.0, 0.0, 0.0], [0.0, 0.0, 0.0, 0.0, 0.0, 0.0, 0.0, 0.0, 0.0, 0.0, 0.0], [0.0, 0.0, 0.0, 0.0, 0.0, 0.0, 0.0, 0.001618009384237182, 0.0, 0.0, 0.0]], "gtPolPoints": [[1436.0, 602.0, 1569.0, 651.0, 1558.0, 692.0, 1422.0, 643.0], [1590.0, 657.0, 2164.0, 867.0, 2148.0, 917.0, 1573.0, 709.0], [2184.0, 880.0, 2338.0, 933.0, 2326.0, 971.0, 2174.0, 916.0], [2354.0, 937.0, 2421.0, 963.0, 2408.0, 1003.0, 2340.0, 976.0], [1408.0, 673.0, 1618.0, 748.0, 1607.0, 784.0, 1396.0, 709.0], [1640.0, 753.0, 1814.0, 819.0, 1798.0, 861.0, 1624.0, 801.0], [1832.0, 825.0, 1867.0, 838.0, 1857.0, 877.0, 1820.0, 862.0], [1890.0, 845.0, 2072.0, 912.0, 2062.0, 950.0, 1877.0, 883.0], [2091.0, 921.0, 2175.0, 951.0, 2164.0, 988.0, 2077.0, 958.0], [2199.0, 958.0, 2230.0, 968.0, 2217.0, 1008.0, 2185.0, 995.0], [2246.0, 984.0, 2300.0, 1003.0, 2289.0, 1034.0, 2234.0, 1013.0], [2323.0, 1003.0, 2466.0, 1055.0, 2451.0, 1103.0, 2305.0, 1050.0], [1386.0, 737.0, 1608.0, 817.0, 1595.0, 857.0, 1373.0, 777.0], [1626.0, 823.0, 1843.0, 902.0, 1829.0, 942.0, 1612.0, 863.0], [1860.0, 908.0, 2107.0, 997.0, 2087.0, 1049.0, 1843.0, 960.0], [2127.0, 1005.0, 2180.0, 1027.0, 2163.0, 1075.0, 2107.0, 1053.0], [2199.0, 1034.0, 2411.0, 1110.0, 2395.0, 1151.0, 2187.0, 1073.0], [2429.0, 1115.0, 2512.0, 1147.0, 2497.0, 1190.0, 2412.0, 1161.0], [1360.0, 806.0, 1407.0, 824.0, 1394.0, 859.0, 1345.0, 842.0], [1426.0, 826.0, 1494.0, 853.0, 1477.0, 896.0, 1410.0, 871.0], [1512.0, 857.0, 1661.0, 913.0, 1645.0, 958.0, 1497.0, 904.0], [1683.0, 921.0, 1713.0, 933.0, 1698.0, 971.0, 1670.0, 960.0], [1730.0, 940.0, 1916.0, 1005.0, 1903.0, 1045.0, 1713.0, 976.0], [1938.0, 1011.0, 1982.0, 1029.0, 1968.0, 1067.0, 1922.0, 1050.0], [1992.0, 1044.0, 2015.0, 1051.0, 2005.0, 1083.0, 1981.0, 1074.0], [2039.0, 1050.0, 2155.0, 1092.0, 2141.0, 1141.0, 2024.0, 1098.0], [2174.0, 1103.0, 2245.0, 1129.0, 2232.0, 1165.0, 2161.0, 1139.0], [2265.0, 1130.0, 2311.0, 1147.0, 2295.0, 1190.0, 2249.0, 1172.0], [2325.0, 1154.0, 2507.0, 1219.0, 2492.0, 1260.0, 2312.0, 1192.0], [1339.0, 870.0, 1507.0, 932.0, 1489.0, 980.0, 1322.0, 917.0], [1525.0, 937.0, 1621.0, 973.0, 1607.0, 1015.0, 1510.0, 978.0], [1641.0, 984.0, 1710.0, 1007.0, 1698.0, 1044.0, 1630.0, 1020.0], [1732.0, 1015.0, 1885.0, 1070.0, 1871.0, 1107.0, 1718.0, 1051.0], [1902.0, 1076.0, 2046.0, 1129.0, 2030.0, 1181.0, 1887.0, 1124.0], [2066.0, 1133.0, 2288.0, 1216.0, 2274.0, 1255.0, 2051.0, 1176.0], [2303.0, 1223.0, 2390.0, 1253.0, 2375.0, 1294.0, 2289.0, 1261.0], [2408.0, 1260.0, 2465.0, 1283.0, 2451.0, 1320.0, 2397.0, 1300.0], [1314.0, 935.0, 1461.0, 992.0, 1442.0, 1038.0, 1295.0, 983.0], [1474.0, 997.0, 1734.0, 1091.0, 1717.0, 1136.0, 1456.0, 1043.0], [1753.0, 1098.0, 1782.0, 1108.0, 1769.0, 1149.0, 1742.0, 1136.0], [1801.0, 1116.0, 1834.0, 1129.0, 1820.0, 1168.0, 1787.0, 1155.0], [1853.0, 1136.0, 1962.0, 1174.0, 1948.0, 1214.0, 1838.0, 1175.0], [1979.0, 1184.0, 2026.0, 1201.0, 2014.0, 1236.0, 1966.0, 1219.0], [2043.0, 1205.0, 2151.0, 1243.0, 2138.0, 1281.0, 2029.0, 1242.0], [2170.0, 1251.0, 2255.0, 1281.0, 2243.0, 1319.0, 2156.0, 1288.0], [2273.0, 1290.0, 2364.0, 1326.0, 2351.0, 1360.0, 2258.0, 1322.0], [1289.0, 1007.0, 1515.0, 1089.0, 1499.0, 1134.0, 1268.0, 1053.0], [1531.0, 1089.0, 1669.0, 1142.0, 1653.0, 1184.0, 1514.0, 1130.0], [1685.0, 1150.0, 1980.0, 1257.0, 1966.0, 1301.0, 1668.0, 1197.0]], "detPolPoints": [[1343.0, 809.0, 1483.0, 809.0, 1483.0, 895.0, 1343.0, 895.0], [1814.0, 824.0, 1873.0, 824.0, 1873.0, 880.0, 1814.0, 880.0], [1664.0, 920.0, 1717.0, 920.0, 1717.0, 976.0, 1664.0, 976.0], [2177.0, 956.0, 2233.0, 956.0, 2233.0, 1012.0, 2177.0, 1012.0], [2233.0, 979.0, 2303.0, 979.0, 2303.0, 1040.0, 2233.0, 1040.0], [1917.0, 1014.0, 2019.0, 1014.0, 2019.0, 1086.0, 1917.0, 1086.0], [2106.0, 999.0, 2184.0, 999.0, 2184.0, 1077.0, 2106.0, 1077.0], [1734.0, 1095.0, 1839.0, 1095.0, 1839.0, 1173.0, 1734.0, 1173.0], [2246.0, 1136.0, 2314.0, 1136.0, 2314.0, 1189.0, 2246.0, 1189.0], [1966.0, 1180.0, 2027.0, 1180.0, 2027.0, 1241.0, 1966.0, 1241.0], [2388.0, 1254.0, 2469.0, 1254.0, 2469.0, 1326.0, 2388.0, 1326.0]], "gtDontCare": [], "detDontCare": [], "evaluationParams": {"IOU_CONSTRAINT": 0.5, "AREA_PRECISION_CONSTRAINT": 0.5, "GT_SAMPLE_NAME_2_ID": "gt_img_([0-9]+).txt", "DET_SAMPLE_NAME_2_ID": "res_img_([0-9]+).txt", "LTRB": false, "CRLF": false, "CONFIDENCES": false, "PER_SAMPLE_RESULTS": true}, "evaluationLog": "GT polygons: 49\nDET polygons: 11\nMatch GT #27 with Det #8\nMatch GT #42 with Det #9\n"}