{"precision": 0.26666666666666666, "recall": 0.08163265306122448, "hmean": 0.125, "pairs": [{"gt": 19, "det": 1}, {"gt": 23, "det": 7}, {"gt": 24, "det": 9}, {"gt": 27, "det": 13}], "AP": 0, "iouMat": [[0.0, 0.0, 0.0, 0.0, 0.0, 0.0, 0.0, 0.0, 0.0, 0.0, 0.0, 0.0, 0.0, 0.0, 0.0], [0.0, 0.0, 4.261023507783891e-05, 0.0, 0.0, 0.0, 0.0, 0.0, 0.0, 0.0, 0.0, 0.0, 0.0, 0.0, 0.0], [0.0, 0.0, 0.0, 0.0, 0.0, 0.0, 0.0, 0.0, 0.0, 0.0, 0.0, 0.0, 0.0, 0.0, 0.0], [0.0, 0.0, 0.0, 0.0, 0.0, 0.0, 0.0, 0.0, 0.0, 0.0, 0.0, 0.0, 0.0, 0.0, 0.0], [0.0, 0.0, 0.0, 0.0, 0.0, 0.0, 0.0, 0.0, 0.0, 0.0, 0.0, 0.0, 0.0, 0.0, 0.0], [0.0, 0.0, 0.0019820857650043513, 0.0, 0.0, 0.0, 0.0, 0.0, 0.0, 0.0, 0.0, 0.0, 0.0, 0.0, 0.0], [0.0, 0.0, 0.4291752049180328, 0.0, 0.0, 0.0, 0.0, 0.0, 0.0, 0.0, 0.0, 0.0, 0.0, 0.0, 0.0], [0.0, 0.0, 0.00021778900601097657, 0.0, 0.0, 0.0, 0.0, 0.0, 0.0, 0.0, 0.0, 0.0, 0.0, 0.0, 0.0], [0.0, 0.0, 0.0, 0.0, 0.0, 0.0, 0.0, 0.0, 0.0, 0.0, 0.0002428925193415169, 0.00010217099237607618, 0.0, 0.0, 0.0], [0.0, 0.0, 0.0, 0.0, 0.0, 0.0, 0.0, 0.0, 0.0, 0.0, 0.4456719128329298, 0.0, 0.0, 0.0, 0.0], [0.0, 0.0, 0.0, 0.0, 0.0, 0.0, 0.0, 0.0, 0.0, 0.0, 0.002360932775545675, 0.0, 0.0, 0.0, 0.0], [0.0, 0.0, 0.0, 0.0, 0.0, 0.0, 0.0, 0.0, 0.0, 0.0, 0.0, 0.0, 0.0, 0.0, 0.0], [0.0, 0.0, 0.0, 0.0, 0.0, 0.0, 0.0, 0.0, 0.0, 0.0, 0.0, 0.0, 0.0, 0.0, 0.0], [0.0, 0.0, 0.0, 0.0, 0.0, 0.0, 0.0, 0.0, 0.0, 0.0, 0.0, 0.0, 0.0, 0.0, 0.0], [0.0, 0.0, 0.0, 0.0, 0.0, 0.0, 0.0, 6.927556324799697e-05, 0.0, 0.0, 0.0, 0.0010242406999315134, 0.0, 0.0, 0.0], [0.0, 0.0, 0.0, 0.0, 0.0, 0.0, 0.0, 0.0, 0.0, 0.0, 0.0, 0.48414078988523446, 0.0, 0.0, 0.0], [0.0, 0.0, 0.0, 0.0, 0.0, 0.0, 0.0, 0.0, 0.0, 0.0, 0.0, 0.001874742416589637, 0.0, 0.0, 0.0], [0.0, 0.0, 0.0, 0.0, 0.0, 0.0, 0.0, 0.0, 0.0, 0.0, 0.0, 0.0, 0.0, 0.0, 0.0], [0.49052188158202903, 0.0, 0.0, 0.0, 0.0, 0.0, 0.0, 0.0, 0.0, 0.0, 0.0, 0.0, 0.0, 0.0, 0.0], [0.0038339531867412563, 0.5778980284252407, 0.0, 0.0, 0.0, 0.0, 0.0, 0.0, 0.0, 0.0, 0.0, 0.0, 0.0, 0.0, 0.0], [0.0, 0.0, 0.0, 0.0, 0.0, 0.0, 0.0, 0.0, 0.0, 0.0, 0.0, 0.0, 0.0, 0.0, 0.0], [0.0, 0.0, 0.0, 0.4157142857142857, 0.0, 0.0, 0.0, 0.0, 0.0, 0.0, 0.0, 0.0, 0.0, 0.0, 0.0], [0.0, 0.0, 0.0, 0.0008019125614590616, 0.0, 0.0, 0.0, 0.0, 0.0, 0.0, 0.0, 0.0, 0.0, 0.0, 0.0], [0.0, 0.0, 0.0, 0.0, 0.0, 0.0, 0.0, 0.5766470619727366, 0.0, 2.190613794922409e-06, 0.0, 0.0, 0.0, 0.0, 0.0], [0.0, 0.0, 0.0, 0.0, 0.0, 0.0, 0.0, 0.007983756752353507, 0.0, 0.5054945054945055, 0.0, 0.0, 0.0, 0.0, 0.0], [0.0, 0.0, 0.0, 0.0, 0.0, 0.0, 0.0, 0.0, 0.0, 0.0, 0.0, 0.003530974523803581, 0.0, 0.0, 0.0], [0.0, 0.0, 0.0, 0.0, 0.0, 0.0, 0.0, 0.0, 0.0, 0.0, 0.0, 0.0, 0.0, 0.0, 0.0], [0.0, 0.0, 0.0, 0.0, 0.0, 0.0, 0.0, 0.0, 0.0, 0.0, 0.0, 0.0, 0.0, 0.5094995333119672, 0.0], [0.0, 0.0, 0.0, 0.0, 0.0, 0.0, 0.0, 0.0, 0.0, 0.0, 0.0, 0.0, 0.0, 0.004041119086966868, 0.0014403893429261784], [0.0, 0.0, 0.0, 0.0, 0.0, 0.0, 0.0, 0.0, 0.0, 0.0, 0.0, 0.0, 0.0, 0.0, 0.0], [0.0, 0.0, 0.0, 0.0, 0.0, 0.0, 0.0, 0.0, 0.0, 0.0, 0.0, 0.0, 0.0, 0.0, 0.0], [0.0, 0.0, 0.0, 0.0, 0.3440834709562473, 0.3826692549932339, 0.0, 0.0, 0.0, 0.0, 0.0, 0.0, 0.0, 0.0, 0.0], [0.0, 0.0, 0.0, 0.0, 0.0, 0.0, 0.0, 0.0, 0.0, 0.0, 0.0, 0.0, 0.0, 0.0, 0.0], [0.0, 0.0, 0.0, 0.0, 0.0, 0.0, 0.0, 0.0, 0.0, 0.0, 0.0, 0.0, 0.0011160125710115178, 0.0, 0.0], [0.0, 0.0, 0.0, 0.0, 0.0, 0.0, 0.0, 0.0, 0.0, 0.0, 0.0, 0.0, 0.0, 0.0, 0.0], [0.0, 0.0, 0.0, 0.0, 0.0, 0.0, 0.0, 0.0, 0.0, 0.0, 0.0, 0.0, 0.0, 0.0, 0.0021162818176166504], [0.0, 0.0, 0.0, 0.0, 0.0, 0.0, 0.0, 0.0, 0.0, 0.0, 0.0, 0.0, 0.0, 0.0, 0.36538461538461536], [0.0, 0.0, 0.0, 0.0, 0.0, 0.0, 0.0, 0.0, 0.0, 0.0, 0.0, 0.0, 0.0, 0.0, 0.0], [0.0, 0.0, 0.0, 0.0, 0.0, 0.0, 1.0184969226140956e-06, 0.0, 0.0, 0.0, 0.0, 0.0, 0.0, 0.0, 0.0], [0.0, 0.0, 0.0, 0.0, 0.0, 0.0, 0.3667091836734694, 0.0, 0.0039023754534069015, 0.0, 0.0, 0.0, 0.0, 0.0, 0.0], [0.0, 0.0, 0.0, 0.0, 0.0, 0.0, 0.005129939680929027, 0.0, 0.3806163594470046, 0.0, 0.0, 0.0, 0.0, 0.0, 0.0], [0.0, 0.0, 0.0, 0.0, 0.0, 0.0, 0.0, 0.0, 0.0008497733790806792, 0.0, 0.0, 0.0, 4.848578881528059e-05, 0.0, 0.0], [0.0, 0.0, 0.0, 0.0, 0.0, 0.0, 0.0, 0.0, 0.0, 0.0, 0.0, 0.0, 0.41521898703205284, 0.0, 0.0], [0.0, 0.0, 0.0, 0.0, 0.0, 0.0, 0.0, 0.0, 0.0, 0.0, 0.0, 0.0, 0.00010260630670192698, 0.0, 0.0], [0.0, 0.0, 0.0, 0.0, 0.0, 0.0, 0.0, 0.0, 0.0, 0.0, 0.0, 0.0, 0.0, 0.0, 0.0], [0.0, 0.0, 0.0, 0.0, 0.0, 0.0, 0.0, 0.0, 0.0, 0.0, 0.0, 0.0, 0.0, 0.0, 0.0], [0.0, 0.0, 0.0, 0.0, 0.0, 0.0, 0.0, 0.0, 0.0, 0.0, 0.0, 0.0, 0.0, 0.0, 0.0], [0.0, 0.0, 0.0, 0.0, 0.0, 0.0, 0.0, 0.0, 0.0, 0.0, 0.0, 0.0, 0.0, 0.0, 0.0], [0.0, 0.0, 0.0, 0.0, 0.0, 0.0, 0.0, 0.0, 0.0, 0.0, 0.0, 0.0, 0.0, 0.0, 0.0]], "gtPolPoints": [[1630.0, 462.0, 1739.0, 555.0, 1715.0, 586.0, 1602.0, 493.0], [1756.0, 567.0, 2223.0, 960.0, 2194.0, 1001.0, 1723.0, 607.0], [2239.0, 975.0, 2365.0, 1079.0, 2340.0, 1112.0, 2211.0, 1005.0], [2380.0, 1091.0, 2435.0, 1137.0, 2410.0, 1167.0, 2353.0, 1123.0], [1583.0, 517.0, 1752.0, 659.0, 1729.0, 691.0, 1556.0, 548.0], [1768.0, 673.0, 1911.0, 792.0, 1881.0, 831.0, 1737.0, 711.0], [1928.0, 805.0, 1957.0, 828.0, 1933.0, 863.0, 1900.0, 837.0], [1972.0, 846.0, 2123.0, 971.0, 2098.0, 1001.0, 1948.0, 876.0], [2137.0, 983.0, 2206.0, 1040.0, 2181.0, 1072.0, 2111.0, 1014.0], [2224.0, 1053.0, 2251.0, 1075.0, 2227.0, 1108.0, 2198.0, 1085.0], [2260.0, 1096.0, 2305.0, 1132.0, 2286.0, 1158.0, 2238.0, 1120.0], [2328.0, 1140.0, 2445.0, 1237.0, 2415.0, 1277.0, 2294.0, 1181.0], [1538.0, 571.0, 1715.0, 724.0, 1691.0, 753.0, 1512.0, 602.0], [1734.0, 735.0, 1909.0, 882.0, 1882.0, 916.0, 1705.0, 765.0], [1922.0, 895.0, 2124.0, 1059.0, 2091.0, 1101.0, 1893.0, 934.0], [2140.0, 1076.0, 2184.0, 1112.0, 2154.0, 1152.0, 2107.0, 1115.0], [2200.0, 1127.0, 2370.0, 1268.0, 2346.0, 1303.0, 2172.0, 1157.0], [2386.0, 1282.0, 2456.0, 1340.0, 2425.0, 1380.0, 2358.0, 1321.0], [1494.0, 624.0, 1528.0, 657.0, 1503.0, 689.0, 1467.0, 657.0], [1541.0, 668.0, 1598.0, 716.0, 1570.0, 751.0, 1514.0, 703.0], [1615.0, 728.0, 1733.0, 828.0, 1706.0, 864.0, 1584.0, 764.0], [1754.0, 846.0, 1774.0, 866.0, 1752.0, 897.0, 1728.0, 875.0], [1791.0, 878.0, 1945.0, 1004.0, 1918.0, 1037.0, 1764.0, 908.0], [1959.0, 1014.0, 1997.0, 1047.0, 1970.0, 1082.0, 1932.0, 1050.0], [2001.0, 1065.0, 2022.0, 1082.0, 2003.0, 1107.0, 1983.0, 1091.0], [2045.0, 1089.0, 2139.0, 1169.0, 2108.0, 1206.0, 2013.0, 1128.0], [2154.0, 1182.0, 2208.0, 1231.0, 2185.0, 1261.0, 2128.0, 1211.0], [2227.0, 1240.0, 2263.0, 1272.0, 2238.0, 1304.0, 2200.0, 1272.0], [2276.0, 1283.0, 2425.0, 1406.0, 2398.0, 1439.0, 2251.0, 1315.0], [1448.0, 679.0, 1581.0, 793.0, 1554.0, 831.0, 1416.0, 718.0], [1598.0, 806.0, 1677.0, 872.0, 1651.0, 905.0, 1573.0, 839.0], [1695.0, 887.0, 1748.0, 934.0, 1723.0, 967.0, 1669.0, 918.0], [1767.0, 949.0, 1889.0, 1053.0, 1865.0, 1085.0, 1741.0, 978.0], [1906.0, 1065.0, 2024.0, 1163.0, 1992.0, 1205.0, 1876.0, 1105.0], [2041.0, 1177.0, 2218.0, 1326.0, 2193.0, 1360.0, 2013.0, 1208.0], [2234.0, 1342.0, 2302.0, 1398.0, 2277.0, 1429.0, 2206.0, 1371.0], [2321.0, 1413.0, 2363.0, 1449.0, 2339.0, 1479.0, 2294.0, 1443.0], [1405.0, 731.0, 1518.0, 833.0, 1488.0, 870.0, 1367.0, 768.0], [1532.0, 845.0, 1741.0, 1021.0, 1711.0, 1057.0, 1498.0, 881.0], [1758.0, 1036.0, 1780.0, 1056.0, 1758.0, 1086.0, 1734.0, 1065.0], [1799.0, 1069.0, 1823.0, 1090.0, 1798.0, 1122.0, 1773.0, 1097.0], [1841.0, 1105.0, 1928.0, 1178.0, 1903.0, 1208.0, 1814.0, 1134.0], [1942.0, 1191.0, 1978.0, 1223.0, 1953.0, 1252.0, 1922.0, 1221.0], [1994.0, 1234.0, 2083.0, 1306.0, 2057.0, 1338.0, 1972.0, 1264.0], [2101.0, 1322.0, 2167.0, 1377.0, 2141.0, 1408.0, 2073.0, 1350.0], [2181.0, 1394.0, 2254.0, 1455.0, 2231.0, 1483.0, 2158.0, 1421.0], [1356.0, 793.0, 1539.0, 946.0, 1509.0, 978.0, 1323.0, 824.0], [1552.0, 953.0, 1659.0, 1046.0, 1636.0, 1078.0, 1527.0, 984.0], [1677.0, 1061.0, 1919.0, 1260.0, 1890.0, 1298.0, 1647.0, 1098.0]],