{"precision": 0.6, "recall": 0.061224489795918366, "hmean": 0.1111111111111111, "pairs": [{"gt": 4, "det": 3}, {"gt": 12, "det": 0}, {"gt": 16, "det": 2}], "AP": 0, "iouMat": [[0.0, 0.0, 0.0, 0.0, 0.0], [0.0, 0.0, 0.0, 0.0, 0.0], [0.0, 0.3641456582633053, 0.0, 0.0, 0.0], [0.0, 0.17427385892116182, 0.0, 0.0, 0.0], [0.0, 0.0, 0.0, 0.5777080062794349, 0.0], [0.0, 0.0, 0.0, 0.0, 0.0], [0.0, 0.0, 0.0, 0.0, 0.0], [0.0, 0.0, 0.0, 0.0, 0.0], [0.0, 0.0, 0.0, 0.0, 0.0], [0.0, 0.0, 0.0, 0.0, 0.0], [0.0, 0.0, 0.0, 0.0, 0.0], [0.0, 0.0, 0.0, 0.0, 0.0], [0.7088989441930619, 0.0, 0.0, 0.0, 0.0], [0.0, 0.0, 0.0, 0.0, 0.0], [0.0, 0.0, 0.0, 0.0, 0.0], [0.0, 0.0, 0.012953367875647668, 0.0, 0.0], [0.0, 0.0, 0.5884615384615385, 0.0, 0.0], [0.0, 0.0, 0.0, 0.0, 0.0], [0.0, 0.0, 0.0, 0.0, 0.0], [0.0, 0.0, 0.0, 0.0, 0.0], [0.0, 0.0, 0.0, 0.0, 0.0], [0.0, 0.0, 0.0, 0.0, 0.07407407407407407], [0.0, 0.0, 0.0, 0.0, 0.4642857142857143], [0.0, 0.0, 0.0, 0.0, 0.02364066193853428], [0.0, 0.0, 0.0, 0.0, 0.0], [0.0, 0.0, 0.0, 0.0, 0.0], [0.0, 0.0, 0.0, 0.0, 0.0], [0.0, 0.0, 0.0, 0.0, 0.0], [0.0, 0.0, 0.0, 0.0, 0.0], [0.0, 0.0, 0.0, 0.0, 0.0], [0.0, 0.0, 0.0, 0.0, 0.0], [0.0, 0.0, 0.0, 0.0, 0.0], [0.0, 0.0, 0.0, 0.0, 0.0], [0.0, 0.0, 0.0, 0.0, 0.0], [0.0, 0.0, 0.0, 0.0, 0.0], [0.0, 0.0, 0.0, 0.0, 0.0], [0.0, 0.0, 0.0, 0.0, 0.0], [0.0, 0.0, 0.0, 0.0, 0.0], [0.0, 0.0, 0.0, 0.0, 0.0], [0.0, 0.0, 0.0, 0.0, 0.0], [0.0, 0.0, 0.0, 0.0, 0.0], [0.0, 0.0, 0.0, 0.0, 0.0], [0.0, 0.0, 0.0, 0.0, 0.0], [0.0, 0.0, 0.0, 0.0, 0.0], [0.0, 0.0, 0.0, 0.0, 0.0], [0.0, 0.0, 0.0, 0.0, 0.0], [0.0, 0.0, 0.0, 0.0, 0.0], [0.0, 0.0, 0.0, 0.0, 0.0], [0.0, 0.0, 0.0, 0.0, 0.0]], "gtPolPoints": [[1716.0, 799.0, 1747.0, 799.0, 1747.0, 807.0, 1716.0, 807.0], [1750.0, 798.0, 1867.0, 798.0, 1867.0, 809.0, 1750.0, 809.0], [1871.0, 799.0, 1903.0, 799.0, 1903.0, 807.0, 1870.0, 807.0], [1905.0, 798.0, 1920.0, 798.0, 1920.0, 807.0, 1905.0, 807.0], [1922.0, 799.0, 1968.0, 799.0, 1968.0, 807.0, 1922.0, 807.0], [1971.0, 798.0, 2008.0, 798.0, 2008.0, 809.0, 1971.0, 809.0], [2011.0, 798.0, 2020.0, 798.0, 2020.0, 807.0, 2011.0, 807.0], [2023.0, 799.0, 2062.0, 799.0, 2062.0, 807.0, 2022.0, 807.0], [2065.0, 799.0, 2083.0, 799.0, 2083.0, 807.0, 2065.0, 807.0], [2086.0, 798.0, 2094.0, 798.0, 2094.0, 807.0, 2086.0, 807.0], [2097.0, 801.0, 2109.0, 801.0, 2109.0, 807.0, 2096.0, 807.0], [2112.0, 798.0, 2143.0, 798.0, 2143.0, 809.0, 2112.0, 809.0], [2146.0, 797.0, 2193.0, 797.0, 2193.0, 807.0, 2146.0, 807.0], [2196.0, 798.0, 2241.0, 798.0, 2241.0, 807.0, 2195.0, 807.0], [2243.0, 798.0, 2295.0, 798.0, 2295.0, 809.0, 2243.0, 809.0], [2298.0, 798.0, 2310.0, 798.0, 2310.0, 809.0, 2298.0, 809.0], [2313.0, 799.0, 2358.0, 798.0, 2358.0, 807.0, 2313.0, 807.0], [2361.0, 798.0, 2380.0, 798.0, 2380.0, 808.0, 2361.0, 808.0], [2383.0, 799.0, 2393.0, 799.0, 2393.0, 807.0, 2383.0, 808.0], [1716.0, 832.0, 1732.0, 832.0, 1732.0, 842.0, 1716.0, 842.0], [1735.0, 832.0, 1765.0, 832.0, 1765.0, 842.0, 1735.0, 842.0], [1769.0, 833.0, 1776.0, 833.0, 1776.0, 841.0, 1769.0, 841.0], [1779.0, 833.0, 1818.0, 832.0, 1818.0, 841.0, 1779.0, 842.0], [1820.0, 831.0, 1831.0, 831.0, 1831.0, 841.0, 1820.0, 841.0], [1834.0, 835.0, 1840.0, 835.0, 1840.0, 842.0, 1833.0, 841.0], [1843.0, 832.0, 1868.0, 832.0, 1868.0, 843.0, 1843.0, 843.0], [1870.0, 833.0, 1886.0, 833.0, 1886.0, 841.0, 1870.0, 841.0], [1888.0, 832.0, 1899.0, 832.0, 1899.0, 841.0, 1888.0, 841.0], [1902.0, 832.0, 1941.0, 832.0, 1941.0, 841.0, 1902.0, 841.0], [1944.0, 832.0, 1980.0, 832.0, 1980.0, 840.0, 1944.0, 843.0], [1983.0, 832.0, 2004.0, 832.0, 2004.0, 841.0, 1982.0, 841.0], [2007.0, 833.0, 2022.0, 833.0, 2022.0, 841.0, 2007.0, 841.0], [2026.0, 831.0, 2059.0, 832.0, 2059.0, 841.0, 2025.0, 841.0], [2062.0, 832.0, 2092.0, 832.0, 2092.0, 843.0, 2062.0, 843.0], [2095.0, 832.0, 2141.0, 833.0, 2141.0, 841.0, 2095.0, 841.0], [2144.0, 832.0, 2162.0, 832.0, 2162.0, 841.0, 2143.0, 842.0], [2165.0, 833.0, 2177.0, 833.0, 2177.0, 841.0, 2164.0, 842.0], [2180.0, 832.0, 2210.0, 832.0, 2210.0, 843.0, 2179.0, 843.0], [2212.0, 832.0, 2266.0, 832.0, 2266.0, 843.0, 2213.0, 843.0], [2270.0, 833.0, 2277.0, 833.0, 2277.0, 841.0, 2270.0, 841.0], [2280.0, 832.0, 2288.0, 832.0, 2288.0, 841.0, 2280.0, 842.0], [2291.0, 833.0, 2314.0, 832.0, 2314.0, 841.0, 2291.0, 841.0], [2316.0, 833.0, 2327.0, 833.0, 2327.0, 841.0, 2317.0, 841.0], [2329.0, 833.0, 2353.0, 832.0, 2353.0, 841.0, 2329.0, 841.0], [2356.0, 832.0, 2374.0, 832.0, 2374.0, 838.0, 2355.0, 841.0], [2376.0, 833.0, 2396.0, 833.0, 2396.0, 841.0, 2377.0, 841.0], [1716.0, 867.0, 1764.0, 868.0, 1764.0, 877.0, 1716.0, 877.0], [1767.0, 866.0, 1796.0, 867.0, 1796.0, 875.0, 1766.0, 875.0], [1799.0, 866.0, 1860.0, 867.0, 1860.0, 877.0, 1799.0, 877.0]], "detPolPoints": [[2143.0, 808.0, 2143.0, 795.0, 2194.0, 795.0, 2194.0, 808.0], [1868.0, 808.0, 1868.0, 794.0, 1919.0, 794.0, 1919.0, 808.0], [2309.0, 808.0, 2309.0, 795.0, 2359.0, 795.0, 2359.0, 808.0], [1920.0, 795.0, 1969.0, 795.0, 1969.0, 808.0, 1920.0, 808.0], [1768.0, 829.0, 1822.0, 829.0, 1822.0, 843.0, 1768.0, 843.0]], "gtDontCare": [], "detDontCare": [], "evaluationParams": {"IOU_CONSTRAINT": 0.5, "AREA_PRECISION_CONSTRAINT": 0.5, "GT_SAMPLE_NAME_2_ID": "gt_img_([0-9]+).txt", "DET_SAMPLE_NAME_2_ID": "res_img_([0-9]+).txt", "LTRB": false, "CRLF": false, "CONFIDENCES": false, "PER_SAMPLE_RESULTS": true}, "evaluationLog": "GT polygons: 49\nDET polygons: 5\nMatch GT #4 with Det #3\nMatch GT #12 with Det #0\nMatch GT #16 with Det #2\n"}