{"calculated": true, "Message": "", "method": {"precision": 0.9385741565881605, "recall": 0.6402518454190187, "hmean": 0.7612287041817244, "AP": 0}}