{"precision": 0.6666666666666666, "recall": 0.08163265306122448, "hmean": 0.14545454545454545, "pairs": [{"gt": 33, "det": 4}, {"gt": 44, "det": 2}, {"gt": 47, "det": 0}, {"gt": 48, "det": 1}], "AP": 0, "iouMat": [[0.0, 0.0, 0.0, 0.0, 0.0, 0.0], [0.0, 0.0, 0.0, 0.0, 0.0, 0.0605627944713161], [0.0, 0.0, 0.0, 0.0, 0.0, 0.0], [0.0, 0.0, 0.0, 0.0, 0.0, 0.0], [0.0, 0.0, 0.0, 0.0, 0.0, 0.0], [0.0, 0.0, 0.0, 0.0, 0.0, 0.0], [0.0, 0.0, 0.0, 0.0, 0.0, 0.0], [0.0, 0.0, 0.0, 0.0, 0.0, 0.0], [0.0, 0.0, 0.0, 0.0, 0.0, 0.0], [0.0, 0.0, 0.0, 0.0, 0.0, 0.0], [0.0, 0.0, 0.0, 0.0, 0.0, 0.0], [0.0, 0.0, 0.0, 0.0, 0.0, 0.0], [0.0, 0.0, 0.0, 0.0, 0.0, 0.0], [0.0, 0.0, 0.0, 0.0, 0.0, 0.0], [0.0, 0.0, 0.0, 0.0, 0.0, 0.0], [0.0, 0.0, 0.0, 0.0, 0.0, 0.0], [0.0, 0.0, 0.0, 0.0, 0.0, 0.0], [0.0, 0.0, 0.0, 0.0, 0.0, 0.0], [0.0, 0.0, 0.0, 0.0, 0.0, 0.0], [0.0, 0.0, 0.0, 0.0, 0.0, 0.0], [0.0, 0.0, 0.0, 0.0, 0.0, 0.0], [0.0, 0.0, 0.0, 0.0, 0.0, 0.0], [0.0, 0.0, 0.0, 0.0, 0.0, 0.0], [0.0, 0.0, 0.0, 0.0, 0.0, 0.0], [0.0, 0.0, 0.0, 0.0, 0.0, 0.0], [0.0, 0.0, 0.0, 0.0, 0.0017467736220320006, 0.0], [0.0, 0.0, 0.0, 0.0, 0.0, 0.0], [0.0, 0.0, 0.0, 0.0, 0.0, 0.0], [0.0, 0.0, 0.0, 0.0, 0.0, 0.0], [0.0, 0.0, 0.0, 0.0, 0.0, 0.0], [0.0, 0.0, 0.0, 0.0, 0.0, 0.0], [0.0, 0.0, 0.0, 0.0, 0.0, 0.0], [0.0, 0.0, 0.0, 0.0, 0.015066546004216875, 0.0], [0.0, 0.0, 0.0, 0.0, 0.6619527890315984, 0.0], [0.0, 0.0, 0.0, 0.0, 0.0, 0.0], [0.0, 0.0, 0.0, 0.0, 0.0, 0.0], [0.0, 0.0, 0.0, 0.0, 0.0, 0.0], [0.0, 0.0, 0.0, 0.0, 0.0, 0.0], [0.0012962349226954511, 0.0025488277396973047, 0.0, 0.006166034853725689, 0.0, 0.0], [0.0, 0.0, 0.0, 0.07474886129656205, 0.0, 0.0], [0.0, 0.0, 0.0, 0.08839250431563403, 0.0, 0.0], [0.0, 0.0, 0.0, 0.28946985295646926, 0.0, 0.0], [0.0, 0.0, 0.0, 0.040056384910374214, 0.0, 0.0], [0.0, 0.0, 0.006647177505534112, 0.0, 0.0, 0.0], [0.0, 0.0, 0.6507007434224635, 0.0, 0.0, 0.0], [0.0, 0.0, 0.0, 0.0, 0.0, 0.0], [0.0025294513615449696, 0.0, 0.0, 0.0, 0.0, 0.0], [0.6212339217089681, 0.007199093238359406, 0.0, 0.0, 0.0, 0.0], [0.0020859798552885504, 0.6953705159878508, 0.0, 0.0, 0.0, 0.0]], "gtPolPoints": [[1299.0, 1382.0, 1448.0, 1153.0, 1453.0, 1215.0, 1297.0, 1457.0], [1466.0, 767.0, 2081.0, 77.0, 2081.0, 493.0, 1466.0, 1187.0], [2099.0, 436.0, 2276.0, 796.0, 2271.0, 881.0, 2093.0, 534.0], [2281.0, 830.0, 2358.0, 986.0, 2356.0, 1063.0, 2276.0, 919.0], [1302.0, 1459.0, 1528.0, 1128.0, 1533.0, 1184.0, 1304.0, 1529.0], [1543.0, 1074.0, 1734.0, 704.0, 1734.0, 819.0, 1541.0, 1161.0], [1749.0, 657.0, 1793.0, 603.0, 1795.0, 714.0, 1749.0, 781.0], [1811.0, 500.0, 2014.0, 439.0, 2011.0, 601.0, 1811.0, 670.0], [2029.0, 516.0, 2122.0, 632.0, 2119.0, 750.0, 2024.0, 621.0], [2137.0, 675.0, 2181.0, 760.0, 2176.0, 850.0, 2137.0, 788.0], [2194.0, 801.0, 2258.0, 927.0, 2255.0, 997.0, 2186.0, 883.0], [2273.0, 950.0, 2433.0, 1254.0, 2430.0, 1326.0, 2268.0, 1061.0], [1302.0, 1536.0, 1538.0, 1225.0, 1540.0, 1293.0, 1301.0, 1600.0], [1553.0, 1176.0, 1791.0, 781.0, 1790.0, 911.0, 1555.0, 1268.0], [1801.0, 670.0, 2070.0, 669.0, 2070.0, 871.0, 1804.0, 877.0], [2088.0, 781.0, 2151.0, 891.0, 2150.0, 1002.0, 2087.0, 927.0], [2166.0, 913.0, 2395.0, 1298.0, 2394.0, 1370.0, 2166.0, 1016.0], [2411.0, 1328.0, 2503.0, 1450.0, 2503.0, 1509.0, 2408.0, 1400.0], [1302.0, 1610.0, 1351.0, 1568.0, 1353.0, 1617.0, 1301.0, 1653.0], [1367.0, 1544.0, 1440.0, 1472.0, 1442.0, 1535.0, 1368.0, 1598.0], [1462.0, 1439.0, 1618.0, 1225.0, 1622.0, 1328.0, 1463.0, 1515.0], [1644.0, 1194.0, 1675.0, 1154.0, 1677.0, 1237.0, 1644.0, 1280.0], [1690.0, 1116.0, 1892.0, 881.0, 1896.0, 1023.0, 1694.0, 1217.0], [1909.0, 880.0, 1962.0, 884.0, 1959.0, 1006.0, 1910.0, 1014.0], [1975.0, 927.0, 2001.0, 927.0, 2004.0, 1023.0, 1975.0, 1019.0], [2025.0, 913.0, 2151.0, 1063.0, 2149.0, 1184.0, 2021.0, 1057.0], [2167.0, 1098.0, 2243.0, 1202.0, 2242.0, 1285.0, 2166.0, 1192.0], [2262.0, 1231.0, 2312.0, 1297.0, 2311.0, 1376.0, 2253.0, 1304.0], [2326.0, 1320.0, 2520.0, 1562.0, 2520.0, 1612.0, 2325.0, 1403.0], [1301.0, 1677.0, 1483.0, 1539.0, 1483.0, 1608.0, 1302.0, 1740.0], [1499.0, 1505.0, 1604.0, 1392.0, 1605.0, 1476.0, 1503.0, 1571.0], [1625.0, 1370.0, 1698.0, 1291.0, 1703.0, 1383.0, 1627.0, 1452.0], [1718.0, 1263.0, 1879.0, 1111.0, 1886.0, 1238.0, 1720.0, 1361.0], [1903.0, 1072.0, 2057.0, 1158.0, 2057.0, 1283.0, 1908.0, 1238.0], [2077.0, 1169.0, 2315.0, 1435.0, 2313.0, 1518.0, 2075.0, 1288.0], [2334.0, 1455.0, 2424.0, 1549.0, 2421.0, 1618.0, 2328.0, 1531.0], [2442.0, 1574.0, 2501.0, 1628.0, 2500.0, 1681.0, 2441.0, 1631.0], [1304.0, 1752.0, 1457.0, 1661.0, 1459.0, 1727.0, 1301.0, 1807.0], [1470.0, 1644.0, 1744.0, 1417.0, 1747.0, 1534.0, 1475.0, 1729.0], [1770.0, 1400.0, 1803.0, 1382.0, 1804.0, 1488.0, 1770.0, 1508.0], [1822.0, 1360.0, 1856.0, 1343.0, 1859.0, 1462.0, 1822.0, 1479.0], [1879.0, 1333.0, 1995.0, 1330.0, 1994.0, 1450.0, 1877.0, 1452.0], [2012.0, 1339.0, 2061.0, 1380.0, 2060.0, 1481.0, 2011.0, 1450.0], [2078.0, 1373.0, 2194.0, 1463.0, 2193.0, 1564.0, 2074.0, 1481.0], [2217.0, 1498.0, 2306.0, 1558.0, 2305.0, 1641.0, 2212.0, 1575.0], [2323.0, 1577.0, 2424.0, 1660.0, 2422.0, 1719.0, 2322.0, 1655.0], [1304.0, 1825.0, 1546.0, 1723.0, 1548.0, 1800.0, 1302.0, 1886.0], [1558.0, 1709.0, 1704.0, 1630.0, 1705.0, 1726.0, 1558.0, 1783.0], [1725.0, 1595.0, 2038.0, 1509.0, 2038.0, 1691.0, 1723.0, 1780.0]], "detPolPoints": [[1524.0, 1687.0, 1696.0, 1622.0, 1734.0, 1724.0, 1562.0, 1789.0], [1675.0, 1569.0, 2035.0, 1492.0, 2074.0, 1677.0, 1714.0, 1754.0], [2215.0, 1497.0, 2330.0, 1561.0, 2290.0, 1633.0, 2175.0, 1569.0], [1714.0, 1367.0, 2002.0, 1289.0, 2044.0, 1444.0, 1756.0, 1523.0], [1903.0, 1069.0, 2086.0, 1109.0, 2049.0, 1279.0, 1866.0, 1239.0], [1973.0, 260.0, 2108.0, 350.0, 2053.0, 434.0, 1917.0, 345.0]], "gtDontCare": [], "detDontCare": [], "evaluationParams": {"IOU_CONSTRAINT": 0.5, "AREA_PRECISION_CONSTRAINT": 0.5, "GT_SAMPLE_NAME_2_ID": "gt_img_([0-9]+).txt", "DET_SAMPLE_NAME_2_ID": "res_img_([0-9]+).txt", "LTRB": false, "CRLF": false, "CONFIDENCES": false, "PER_SAMPLE_RESULTS": true}, "evaluationLog": "GT polygons: 49\nDET polygons: 6\nMatch GT #33 with Det #4\nMatch GT #44 with Det #2\nMatch GT #47 with Det #0\nMatch GT #48 with Det #1\n"}