{"precision": 1.0, "recall": 0.02040816326530612, "hmean": 0.039999999999999994, "pairs": [{"gt": 46, "det": 0}], "AP": 0, "iouMat": [[0.0], [0.0], [0.0], [0.0], [0.0], [0.0], [0.0], [0.0], [0.0], [0.0], [0.0], [0.0], [0.0], [0.0], [0.0], [0.0], [0.0], [0.0], [0.0], [0.0], [0.0], [0.0], [0.0], [0.0], [0.0], [0.0], [0.0], [0.0], [0.0], [0.0], [0.0], [0.0], [0.0], [0.0], [0.0], [0.0], [0.0], [0.0], [0.0], [0.0], [0.0], [0.0], [0.0], [0.0], [0.0], [0.0], [0.6265111145146212], [0.0], [0.0]], "gtPolPoints": [[1717.0, 799.0, 1777.0, 799.0, 1777.0, 816.0, 1717.0, 816.0], [1784.0, 799.0, 2028.0, 800.0, 2028.0, 820.0, 1784.0, 821.0], [2035.0, 800.0, 2102.0, 800.0, 2102.0, 817.0, 2035.0, 817.0], [2106.0, 799.0, 2135.0, 799.0, 2135.0, 817.0, 2106.0, 817.0], [2140.0, 798.0, 2228.0, 800.0, 2229.0, 817.0, 2140.0, 816.0], [2235.0, 800.0, 2311.0, 801.0, 2311.0, 820.0, 2236.0, 819.0], [2317.0, 799.0, 2335.0, 800.0, 2335.0, 817.0, 2318.0, 817.0], [1717.0, 842.0, 1796.0, 842.0, 1797.0, 860.0, 1717.0, 860.0], [1803.0, 842.0, 1840.0, 842.0, 1840.0, 860.0, 1802.0, 860.0], [1846.0, 842.0, 1862.0, 842.0, 1862.0, 860.0, 1846.0, 861.0], [1869.0, 846.0, 1892.0, 846.0, 1892.0, 860.0, 1868.0, 860.0], [1900.0, 842.0, 1961.0, 843.0, 1961.0, 864.0, 1899.0, 864.0], [1967.0, 841.0, 2062.0, 842.0, 2063.0, 860.0, 1967.0, 861.0], [2068.0, 842.0, 2159.0, 843.0, 2159.0, 860.0, 2069.0, 860.0], [2166.0, 842.0, 2270.0, 842.0, 2270.0, 864.0, 2166.0, 863.0], [2277.0, 842.0, 2302.0, 842.0, 2302.0, 863.0, 2278.0, 863.0], [2309.0, 842.0, 2399.0, 843.0, 2399.0, 860.0, 2308.0, 860.0], [1716.0, 884.0, 1754.0, 885.0, 1754.0, 906.0, 1716.0, 906.0], [1761.0, 886.0, 1782.0, 886.0, 1782.0, 904.0, 1761.0, 904.0], [1787.0, 885.0, 1816.0, 885.0, 1816.0, 906.0, 1787.0, 906.0], [1823.0, 884.0, 1887.0, 884.0, 1887.0, 906.0, 1823.0, 905.0], [1896.0, 885.0, 1908.0, 885.0, 1909.0, 903.0, 1896.0, 903.0], [1915.0, 886.0, 1995.0, 886.0, 1996.0, 903.0, 1915.0, 903.0], [2002.0, 885.0, 2021.0, 885.0, 2021.0, 902.0, 2001.0, 902.0], [2027.0, 888.0, 2037.0, 888.0, 2037.0, 904.0, 2027.0, 904.0], [2045.0, 885.0, 2095.0, 886.0, 2095.0, 907.0, 2045.0, 906.0], [2101.0, 886.0, 2132.0, 887.0, 2132.0, 903.0, 2101.0, 902.0], [2137.0, 884.0, 2157.0, 885.0, 2157.0, 903.0, 2137.0, 903.0], [2163.0, 885.0, 2242.0, 885.0, 2242.0, 904.0, 2163.0, 904.0], [2248.0, 884.0, 2320.0, 886.0, 2321.0, 906.0, 2249.0, 906.0], [2325.0, 884.0, 2369.0, 885.0, 2369.0, 903.0, 2325.0, 903.0], [1717.0, 927.0, 1748.0, 927.0, 1749.0, 946.0, 1717.0, 946.0], [1756.0, 928.0, 1823.0, 928.0, 1823.0, 946.0, 1756.0, 946.0], [1829.0, 928.0, 1892.0, 928.0, 1892.0, 950.0, 1829.0, 949.0], [1898.0, 928.0, 1992.0, 929.0, 1992.0, 946.0, 1898.0, 946.0], [1998.0, 929.0, 2035.0, 928.0, 2035.0, 946.0, 1998.0, 946.0], [2042.0, 928.0, 2067.0, 928.0, 2068.0, 946.0, 2042.0, 946.0], [2074.0, 928.0, 2137.0, 928.0, 2137.0, 949.0, 2074.0, 949.0], [2143.0, 929.0, 2251.0, 928.0, 2251.0, 947.0, 2142.0, 949.0], [2258.0, 927.0, 2272.0, 928.0, 2272.0, 946.0, 2259.0, 946.0], [2279.0, 927.0, 2294.0, 928.0, 2294.0, 947.0, 2279.0, 946.0], [2300.0, 929.0, 2347.0, 928.0, 2347.0, 946.0, 2300.0, 947.0], [2354.0, 928.0, 2375.0, 929.0, 2376.0, 946.0, 2353.0, 946.0], [1716.0, 972.0, 1763.0, 972.0, 1763.0, 990.0, 1716.0, 989.0], [1771.0, 972.0, 1807.0, 971.0, 1808.0, 989.0, 1770.0, 989.0], [1814.0, 971.0, 1852.0, 971.0, 1852.0, 989.0, 1813.0, 989.0], [1858.0, 972.0, 1955.0, 973.0, 1955.0, 992.0, 1858.0, 992.0], [1960.0, 972.0, 2018.0, 972.0, 2018.0, 989.0, 1959.0, 989.0], [2026.0, 972.0, 2153.0, 972.0, 2153.0, 993.0, 2025.0, 992.0]], "detPolPoints": [[1853.0, 963.0, 1952.0, 963.0, 1952.0, 992.0, 1853.0, 992.0]], "gtDontCare": [], "detDontCare": [], "evaluationParams": {"IOU_CONSTRAINT": 0.5, "AREA_PRECISION_CONSTRAINT": 0.5, "GT_SAMPLE_NAME_2_ID": "gt_img_([0-9]+).txt", "DET_SAMPLE_NAME_2_ID": "res_img_([0-9]+).txt", "LTRB": false, "CRLF": false, "CONFIDENCES": false, "PER_SAMPLE_RESULTS": true}, "evaluationLog": "GT polygons: 49\nDET polygons: 1\nMatch GT #46 with Det #0\n"}