{"precision": 0.6666666666666666, "recall": 0.04081632653061224, "hmean": 0.07692307692307691, "pairs": [{"gt": 5, "det": 2}, {"gt": 33, "det": 1}], "AP": 0, "iouMat": [[0.0, 0.0, 0.0], [0.0, 0.0, 0.0], [0.0, 0.0, 0.0], [0.0, 0.0, 0.0], [0.0, 0.0, 0.0], [0.0, 0.0, 0.5226084980686208], [0.0, 0.0, 0.0], [0.0, 0.0, 0.0], [0.0, 0.0, 0.0], [0.0, 0.0, 0.0], [0.0, 0.0, 0.0], [0.0, 0.0, 0.0], [0.0, 0.0, 0.0], [0.0, 0.0, 0.0], [0.0, 0.0, 0.0], [0.0, 0.0, 0.0], [0.0, 0.0, 0.0], [0.0, 0.0, 0.0], [0.0, 0.0, 0.0], [0.0, 0.0, 0.0], [0.0, 0.0, 0.0], [0.0, 0.0, 0.0], [0.0, 0.0, 0.0], [0.0, 0.0, 0.0], [0.0, 0.0, 0.0], [0.0, 0.0, 0.0], [0.0, 0.0, 0.0], [0.0, 0.0, 0.0], [0.0, 0.0, 0.0], [0.0, 0.0, 0.0], [0.0, 0.0, 0.0], [0.0, 0.0, 0.0], [0.0, 0.02971310365741437, 0.0], [0.0, 0.5837178642056691, 0.0], [0.0, 0.0, 0.0], [0.0, 0.0, 0.0], [0.020589170527846083, 0.0, 0.0], [0.2614884393063584, 0.0, 0.0], [0.3741700013192041, 0.0, 0.0], [0.0, 0.0, 0.0], [0.0, 0.0, 0.0], [0.0, 0.0, 0.0], [0.0, 0.0, 0.0], [0.0, 0.0, 0.0], [0.0, 0.0, 0.0], [0.0, 0.0, 0.0], [0.0, 0.0, 0.0], [0.0, 0.0, 0.0], [0.0, 0.0, 0.0]], "gtPolPoints": [[1717.0, 801.0, 1791.0, 801.0, 1791.0, 823.0, 1717.0, 822.0], [1800.0, 799.0, 2104.0, 799.0, 2104.0, 827.0, 1800.0, 827.0], [2113.0, 800.0, 2194.0, 801.0, 2195.0, 822.0, 2111.0, 823.0], [2202.0, 798.0, 2238.0, 799.0, 2239.0, 823.0, 2202.0, 823.0], [2245.0, 800.0, 2354.0, 801.0, 2354.0, 822.0, 2245.0, 822.0], [1717.0, 849.0, 1812.0, 849.0, 1812.0, 874.0, 1717.0, 874.0], [1821.0, 848.0, 1841.0, 848.0, 1842.0, 871.0, 1821.0, 870.0], [1852.0, 849.0, 1949.0, 849.0, 1949.0, 871.0, 1852.0, 871.0], [1958.0, 847.0, 2003.0, 848.0, 2004.0, 871.0, 1957.0, 870.0], [2012.0, 847.0, 2032.0, 847.0, 2032.0, 870.0, 2012.0, 870.0], [2041.0, 853.0, 2070.0, 853.0, 2071.0, 870.0, 2040.0, 870.0], [2080.0, 848.0, 2155.0, 848.0, 2155.0, 875.0, 2080.0, 875.0], [2164.0, 850.0, 2282.0, 847.0, 2283.0, 870.0, 2164.0, 871.0], [1717.0, 895.0, 1832.0, 896.0, 1832.0, 919.0, 1715.0, 919.0], [1841.0, 896.0, 1969.0, 896.0, 1969.0, 922.0, 1840.0, 923.0], [1978.0, 895.0, 2008.0, 895.0, 2008.0, 924.0, 1979.0, 924.0], [2017.0, 897.0, 2130.0, 897.0, 2131.0, 919.0, 2018.0, 918.0], [2139.0, 896.0, 2185.0, 896.0, 2185.0, 921.0, 2139.0, 921.0], [2195.0, 895.0, 2218.0, 896.0, 2219.0, 919.0, 2194.0, 919.0], [2229.0, 896.0, 2264.0, 897.0, 2264.0, 921.0, 2228.0, 921.0], [2273.0, 897.0, 2353.0, 897.0, 2354.0, 921.0, 2273.0, 921.0], [2363.0, 897.0, 2379.0, 897.0, 2380.0, 919.0, 2363.0, 918.0], [1717.0, 945.0, 1817.0, 944.0, 1818.0, 966.0, 1717.0, 966.0], [1826.0, 943.0, 1851.0, 943.0, 1851.0, 966.0, 1826.0, 967.0], [1858.0, 949.0, 1871.0, 949.0, 1872.0, 966.0, 1858.0, 966.0], [1881.0, 944.0, 1942.0, 944.0, 1944.0, 971.0, 1882.0, 971.0], [1953.0, 944.0, 1989.0, 945.0, 1989.0, 967.0, 1952.0, 967.0], [1999.0, 943.0, 2023.0, 944.0, 2023.0, 966.0, 1998.0, 966.0], [2030.0, 943.0, 2127.0, 943.0, 2128.0, 966.0, 2030.0, 966.0], [2136.0, 943.0, 2226.0, 943.0, 2226.0, 971.0, 2137.0, 971.0], [2234.0, 943.0, 2286.0, 944.0, 2286.0, 967.0, 2234.0, 967.0], [2296.0, 943.0, 2334.0, 943.0, 2334.0, 967.0, 2296.0, 966.0], [1718.0, 992.0, 1800.0, 992.0, 1800.0, 1014.0, 1717.0, 1015.0], [1808.0, 992.0, 1885.0, 992.0, 1885.0, 1019.0, 1808.0, 1019.0], [1894.0, 991.0, 2011.0, 992.0, 2012.0, 1015.0, 1893.0, 1015.0], [2021.0, 993.0, 2066.0, 993.0, 2066.0, 1015.0, 2021.0, 1014.0], [2075.0, 993.0, 2106.0, 993.0, 2106.0, 1014.0, 2075.0, 1013.0], [2115.0, 991.0, 2192.0, 992.0, 2192.0, 1019.0, 2115.0, 1019.0], [2201.0, 993.0, 2336.0, 994.0, 2336.0, 1019.0, 2200.0, 1018.0], [2346.0, 992.0, 2363.0, 992.0, 2363.0, 1015.0, 2347.0, 1014.0], [2372.0, 991.0, 2391.0, 992.0, 2391.0, 1015.0, 2371.0, 1015.0], [1718.0, 1041.0, 1776.0, 1041.0, 1777.0, 1063.0, 1717.0, 1063.0], [1784.0, 1041.0, 1809.0, 1041.0, 1809.0, 1063.0, 1784.0, 1062.0], [1817.0, 1041.0, 1876.0, 1041.0, 1876.0, 1064.0, 1817.0, 1063.0], [1885.0, 1041.0, 1930.0, 1041.0, 1930.0, 1062.0, 1884.0, 1062.0], [1939.0, 1040.0, 1987.0, 1041.0, 1987.0, 1062.0, 1938.0, 1061.0], [1996.0, 1041.0, 2116.0, 1042.0, 2116.0, 1067.0, 1995.0, 1066.0], [2123.0, 1041.0, 2194.0, 1041.0, 2195.0, 1063.0, 2123.0, 1063.0], [2205.0, 1043.0, 2362.0, 1042.0, 2362.0, 1063.0, 2205.0, 1067.0]], "detPolPoints": [[2099.0, 986.0, 2327.0, 986.0, 2327.0, 1015.0, 2099.0, 1015.0], [1794.0, 986.0, 1888.0, 986.0, 1888.0, 1015.0, 1794.0, 1015.0], [1706.0, 836.0, 1809.0, 836.0, 1809.0, 878.0, 1706.0, 878.0]], "gtDontCare": [], "detDontCare": [], "evaluationParams": {"IOU_CONSTRAINT": 0.5, "AREA_PRECISION_CONSTRAINT": 0.5, "GT_SAMPLE_NAME_2_ID": "gt_img_([0-9]+).txt", "DET_SAMPLE_NAME_2_ID": "res_img_([0-9]+).txt", "LTRB": false, "CRLF": false, "CONFIDENCES": false, "PER_SAMPLE_RESULTS": true}, "evaluationLog": "GT polygons: 49\nDET polygons: 3\nMatch GT #5 with Det #2\nMatch GT #33 with Det #1\n"}