{"calculated": true, "Message": "", "method": {"precision": 0.9217687074829932, "recall": 0.3530178028658272, "hmean": 0.5105180533751963, "AP": 0}}