{"precision": 1.0, "recall": 0.02040816326530612, "hmean": 0.039999999999999994, "pairs": [{"gt": 17, "det": 0}], "AP": 0, "iouMat": [[0.0], [0.0], [0.0], [0.0], [0.0], [0.0], [0.0], [0.0], [0.0], [0.0], [0.0], [0.0], [0.0], [0.0], [0.0], [0.0], [0.0], [0.5832689832689832], [0.0], [0.0], [0.0], [0.0], [0.0], [0.0], [0.0], [0.0], [0.0], [0.0], [0.10084607719744312], [0.0], [0.0], [0.0], [0.0], [0.0], [0.0], [0.0], [0.0], [0.0], [0.0], [0.0], [0.0], [0.0], [0.0], [0.0], [0.0], [0.0], [0.0], [0.0], [0.0]], "gtPolPoints": [[1301.0, 782.0, 1446.0, 780.0, 1448.0, 869.0, 1303.0, 867.0], [1465.0, 781.0, 2081.0, 782.0, 2080.0, 875.0, 1467.0, 871.0], [2101.0, 781.0, 2266.0, 782.0, 2266.0, 872.0, 2100.0, 870.0], [2281.0, 789.0, 2353.0, 788.0, 2353.0, 852.0, 2280.0, 856.0], [1303.0, 857.0, 1525.0, 858.0, 1525.0, 939.0, 1300.0, 939.0], [1544.0, 851.0, 1731.0, 853.0, 1732.0, 941.0, 1544.0, 942.0], [1751.0, 850.0, 1790.0, 851.0, 1791.0, 907.0, 1751.0, 906.0], [1813.0, 864.0, 2007.0, 862.0, 2008.0, 937.0, 1810.0, 941.0], [2026.0, 867.0, 2118.0, 866.0, 2118.0, 942.0, 2026.0, 941.0], [2139.0, 850.0, 2175.0, 850.0, 2176.0, 895.0, 2139.0, 895.0], [2192.0, 879.0, 2252.0, 882.0, 2252.0, 942.0, 2194.0, 940.0], [2272.0, 862.0, 2427.0, 863.0, 2427.0, 934.0, 2274.0, 933.0], [1303.0, 924.0, 1538.0, 925.0, 1537.0, 1009.0, 1304.0, 1010.0], [1558.0, 928.0, 1789.0, 932.0, 1788.0, 1009.0, 1556.0, 1012.0], [1807.0, 919.0, 2066.0, 925.0, 2066.0, 1013.0, 1805.0, 1013.0], [2089.0, 935.0, 2147.0, 934.0, 2146.0, 995.0, 2090.0, 995.0], [2168.0, 926.0, 2391.0, 926.0, 2391.0, 1007.0, 2167.0, 1013.0], [2410.0, 961.0, 2499.0, 961.0, 2498.0, 1013.0, 2411.0, 1012.0], [1302.0, 999.0, 1352.0, 998.0, 1352.0, 1051.0, 1303.0, 1051.0], [1370.0, 1009.0, 1445.0, 1010.0, 1443.0, 1086.0, 1370.0, 1084.0], [1459.0, 1000.0, 1622.0, 997.0, 1622.0, 1076.0, 1463.0, 1081.0], [1645.0, 1043.0, 1676.0, 1043.0, 1676.0, 1083.0, 1645.0, 1085.0], [1694.0, 1004.0, 1892.0, 1005.0, 1892.0, 1082.0, 1693.0, 1080.0], [1910.0, 992.0, 1961.0, 993.0, 1961.0, 1045.0, 1912.0, 1043.0], [1976.0, 1014.0, 2003.0, 1014.0, 2004.0, 1060.0, 1975.0, 1059.0], [2026.0, 1006.0, 2147.0, 1005.0, 2146.0, 1079.0, 2026.0, 1084.0], [2169.0, 1010.0, 2241.0, 1012.0, 2242.0, 1082.0, 2168.0, 1080.0], [2261.0, 1014.0, 2310.0, 1014.0, 2309.0, 1079.0, 2261.0, 1079.0], [2328.0, 997.0, 2521.0, 999.0, 2520.0, 1082.0, 2328.0, 1081.0], [1304.0, 1074.0, 1480.0, 1077.0, 1481.0, 1155.0, 1304.0, 1153.0], [1498.0, 1066.0, 1606.0, 1066.0, 1606.0, 1129.0, 1501.0, 1126.0], [1628.0, 1099.0, 1700.0, 1096.0, 1699.0, 1156.0, 1626.0, 1155.0], [1721.0, 1070.0, 1884.0, 1072.0, 1883.0, 1154.0, 1721.0, 1150.0], [1902.0, 1062.0, 2059.0, 1068.0, 2058.0, 1155.0, 1903.0, 1153.0], [2077.0, 1068.0, 2313.0, 1068.0, 2311.0, 1154.0, 2076.0, 1154.0], [2331.0, 1075.0, 2424.0, 1076.0, 2422.0, 1143.0, 2332.0, 1143.0], [2444.0, 1098.0, 2502.0, 1098.0, 2501.0, 1153.0, 2442.0, 1154.0], [1302.0, 1136.0, 1453.0, 1137.0, 1456.0, 1227.0, 1302.0, 1225.0], [1472.0, 1140.0, 1748.0, 1143.0, 1747.0, 1223.0, 1472.0, 1222.0], [1771.0, 1141.0, 1803.0, 1142.0, 1803.0, 1201.0, 1771.0, 1200.0], [1821.0, 1175.0, 1857.0, 1176.0, 1858.0, 1226.0, 1821.0, 1225.0], [1877.0, 1146.0, 1994.0, 1147.0, 1994.0, 1215.0, 1878.0, 1213.0], [2012.0, 1174.0, 2060.0, 1174.0, 2060.0, 1227.0, 2013.0, 1225.0], [2078.0, 1133.0, 2194.0, 1136.0, 2193.0, 1209.0, 2079.0, 1210.0], [2213.0, 1160.0, 2305.0, 1160.0, 2303.0, 1225.0, 2215.0, 1225.0], [2326.0, 1141.0, 2425.0, 1142.0, 2422.0, 1215.0, 2328.0, 1214.0], [1302.0, 1216.0, 1543.0, 1218.0, 1542.0, 1297.0, 1301.0, 1295.0], [1560.0, 1217.0, 1705.0, 1220.0, 1705.0, 1297.0, 1560.0, 1295.0], [1726.0, 1209.0, 2040.0, 1214.0, 2039.0, 1295.0, 1722.0, 1295.0]], "detPolPoints": [[2400.0, 948.0, 2511.0, 948.0, 2511.0, 1018.0, 2400.0, 1018.0]], "gtDontCare": [], "detDontCare": [], "evaluationParams": {"IOU_CONSTRAINT": 0.5, "AREA_PRECISION_CONSTRAINT": 0.5, "GT_SAMPLE_NAME_2_ID": "gt_img_([0-9]+).txt", "DET_SAMPLE_NAME_2_ID": "res_img_([0-9]+).txt", "LTRB": false, "CRLF": false, "CONFIDENCES": false, "PER_SAMPLE_RESULTS": true}, "evaluationLog": "GT polygons: 49\nDET polygons: 1\nMatch GT #17 with Det #0\n"}