{"precision": 1.0, "recall": 0.02040816326530612, "hmean": 0.039999999999999994, "pairs": [{"gt": 47, "det": 0}], "AP": 0, "iouMat": [[0.0], [0.0], [0.0], [0.0], [0.0], [0.0], [0.0], [0.0], [0.0], [0.0], [0.0], [0.0], [0.0], [0.0], [0.0], [0.0], [0.0], [0.0], [0.0], [0.0], [0.0], [0.0], [0.0], [0.0], [0.0], [0.0], [0.0], [0.0], [0.0], [0.0], [0.0], [0.0], [0.0], [0.0], [0.0], [0.0], [0.0], [0.0], [0.0], [0.0], [0.0], [0.0], [0.0], [0.0], [0.0], [0.0], [0.0], [0.7157933222143892], [0.0]], "gtPolPoints": [[1525.0, 525.0, 1649.0, 596.0, 1633.0, 632.0, 1507.0, 561.0], [1668.0, 604.0, 2198.0, 910.0, 2175.0, 959.0, 1642.0, 652.0], [2213.0, 921.0, 2358.0, 1008.0, 2340.0, 1042.0, 2197.0, 960.0], [2377.0, 1010.0, 2434.0, 1051.0, 2414.0, 1084.0, 2354.0, 1049.0], [1490.0, 586.0, 1682.0, 699.0, 1662.0, 732.0, 1471.0, 620.0], [1702.0, 708.0, 1861.0, 799.0, 1837.0, 843.0, 1676.0, 751.0], [1878.0, 812.0, 1912.0, 831.0, 1895.0, 866.0, 1860.0, 845.0], [1931.0, 842.0, 2100.0, 941.0, 2081.0, 975.0, 1912.0, 877.0], [2115.0, 952.0, 2194.0, 994.0, 2174.0, 1029.0, 2099.0, 985.0], [2216.0, 1004.0, 2245.0, 1020.0, 2227.0, 1058.0, 2194.0, 1038.0], [2257.0, 1041.0, 2308.0, 1068.0, 2293.0, 1096.0, 2242.0, 1068.0], [2334.0, 1073.0, 2462.0, 1147.0, 2437.0, 1192.0, 2307.0, 1115.0], [1455.0, 648.0, 1657.0, 767.0, 1638.0, 802.0, 1436.0, 682.0], [1675.0, 774.0, 1875.0, 891.0, 1854.0, 927.0, 1656.0, 810.0], [1891.0, 898.0, 2119.0, 1031.0, 2092.0, 1075.0, 1866.0, 944.0], [2136.0, 1040.0, 2186.0, 1068.0, 2163.0, 1114.0, 2111.0, 1086.0], [2204.0, 1080.0, 2396.0, 1192.0, 2377.0, 1230.0, 2183.0, 1116.0], [2412.0, 1202.0, 2491.0, 1246.0, 2468.0, 1287.0, 2390.0, 1242.0], [1420.0, 712.0, 1460.0, 736.0, 1442.0, 770.0, 1401.0, 744.0], [1478.0, 741.0, 1538.0, 778.0, 1516.0, 819.0, 1456.0, 784.0], [1558.0, 790.0, 1692.0, 866.0, 1671.0, 910.0, 1534.0, 831.0], [1714.0, 879.0, 1740.0, 896.0, 1723.0, 930.0, 1698.0, 913.0], [1759.0, 908.0, 1930.0, 1003.0, 1911.0, 1040.0, 1738.0, 942.0], [1947.0, 1014.0, 1989.0, 1038.0, 1969.0, 1074.0, 1927.0, 1048.0], [1997.0, 1055.0, 2019.0, 1067.0, 2006.0, 1095.0, 1984.0, 1082.0], [2045.0, 1069.0, 2152.0, 1131.0, 2128.0, 1174.0, 2021.0, 1114.0], [2168.0, 1143.0, 2231.0, 1180.0, 2213.0, 1214.0, 2148.0, 1177.0], [2249.0, 1189.0, 2291.0, 1213.0, 2271.0, 1248.0, 2230.0, 1223.0], [2307.0, 1221.0, 2474.0, 1316.0, 2453.0, 1354.0, 2287.0, 1258.0], [1385.0, 771.0, 1539.0, 861.0, 1516.0, 902.0, 1360.0, 814.0], [1557.0, 868.0, 1645.0, 922.0, 1624.0, 958.0, 1536.0, 904.0], [1664.0, 934.0, 1724.0, 968.0, 1708.0, 1004.0, 1644.0, 968.0], [1747.0, 980.0, 1886.0, 1060.0, 1868.0, 1097.0, 1728.0, 1017.0], [1907.0, 1070.0, 2036.0, 1148.0, 2013.0, 1190.0, 1882.0, 1115.0], [2056.0, 1158.0, 2255.0, 1277.0, 2237.0, 1311.0, 2035.0, 1193.0], [2276.0, 1284.0, 2353.0, 1329.0, 2332.0, 1366.0, 2253.0, 1320.0], [2369.0, 1342.0, 2421.0, 1369.0, 2403.0, 1404.0, 2351.0, 1378.0], [1348.0, 830.0, 1480.0, 909.0, 1456.0, 952.0, 1323.0, 873.0], [1496.0, 919.0, 1733.0, 1056.0, 1710.0, 1098.0, 1471.0, 960.0], [1753.0, 1068.0, 1778.0, 1083.0, 1761.0, 1119.0, 1734.0, 1103.0], [1797.0, 1092.0, 1829.0, 1108.0, 1808.0, 1148.0, 1779.0, 1130.0], [1845.0, 1120.0, 1945.0, 1179.0, 1925.0, 1214.0, 1825.0, 1155.0], [1960.0, 1189.0, 2002.0, 1212.0, 1984.0, 1248.0, 1943.0, 1221.0], [2018.0, 1223.0, 2118.0, 1278.0, 2100.0, 1312.0, 2002.0, 1256.0], [2138.0, 1290.0, 2215.0, 1334.0, 2195.0, 1369.0, 2116.0, 1324.0], [2231.0, 1346.0, 2315.0, 1394.0, 2295.0, 1428.0, 2214.0, 1379.0], [1309.0, 900.0, 1520.0, 1018.0, 1499.0, 1056.0, 1289.0, 937.0], [1537.0, 1020.0, 1657.0, 1092.0, 1641.0, 1130.0, 1514.0, 1056.0], [1676.0, 1103.0, 1949.0, 1263.0, 1926.0, 1305.0, 1652.0, 1148.0]], "detPolPoints": [[1528.0, 1010.0, 1665.0, 1089.0, 1638.0, 1135.0, 1502.0, 1056.0]], "gtDontCare": [], "detDontCare": [], "evaluationParams": {"IOU_CONSTRAINT": 0.5, "AREA_PRECISION_CONSTRAINT": 0.5, "GT_SAMPLE_NAME_2_ID": "gt_img_([0-9]+).txt", "DET_SAMPLE_NAME_2_ID": "res_img_([0-9]+).txt", "LTRB": false, "CRLF": false, "CONFIDENCES": false, "PER_SAMPLE_RESULTS": true}, "evaluationLog": "GT polygons: 49\nDET polygons: 1\nMatch GT #47 with Det #0\n"}