{"precision": 1.0, "recall": 0.04081632653061224, "hmean": 0.07843137254901959, "pairs": [{"gt": 0, "det": 0}, {"gt": 30, "det": 1}], "AP": 0, "iouMat": [[0.7047511312217195, 0.0], [0.0, 0.0], [0.0, 0.0], [0.0, 0.0], [0.0, 0.0], [0.0, 0.0], [0.0, 0.0], [0.0, 0.0], [0.0, 0.0], [0.0, 0.0], [0.0, 0.0], [0.0, 0.0], [0.0, 0.0], [0.0, 0.0], [0.0, 0.0], [0.0, 0.0], [0.0, 0.0], [0.0, 0.0], [0.0, 0.0], [0.0, 0.0], [0.0, 0.0], [0.0, 0.0], [0.0, 0.0], [0.0, 0.0], [0.0, 0.0], [0.0, 0.0], [0.0, 0.0], [0.0, 0.0], [0.0, 0.0], [0.0, 0.0], [0.0, 0.7905405405405406], [0.0, 0.0], [0.0, 0.0], [0.0, 0.0], [0.0, 0.0], [0.0, 0.0], [0.0, 0.0], [0.0, 0.0], [0.0, 0.0], [0.0, 0.0], [0.0, 0.0], [0.0, 0.0], [0.0, 0.0], [0.0, 0.0], [0.0, 0.0], [0.0, 0.0], [0.0, 0.0], [0.0, 0.0], [0.0, 0.0]], "gtPolPoints": [[1717.0, 798.0, 1761.0, 798.0, 1761.0, 812.0, 1716.0, 812.0], [1766.0, 798.0, 1950.0, 798.0, 1950.0, 814.0, 1766.0, 815.0], [1956.0, 799.0, 2007.0, 799.0, 2007.0, 812.0, 1956.0, 812.0], [2012.0, 798.0, 2032.0, 798.0, 2032.0, 812.0, 2012.0, 812.0], [2037.0, 798.0, 2104.0, 799.0, 2104.0, 812.0, 2037.0, 812.0], [2110.0, 798.0, 2167.0, 798.0, 2167.0, 815.0, 2111.0, 815.0], [2171.0, 798.0, 2186.0, 798.0, 2186.0, 813.0, 2172.0, 813.0], [2191.0, 798.0, 2251.0, 798.0, 2251.0, 812.0, 2191.0, 812.0], [2255.0, 799.0, 2283.0, 799.0, 2283.0, 812.0, 2255.0, 812.0], [2289.0, 798.0, 2300.0, 798.0, 2301.0, 813.0, 2289.0, 813.0], [2306.0, 801.0, 2324.0, 801.0, 2324.0, 812.0, 2306.0, 812.0], [2330.0, 798.0, 2377.0, 798.0, 2377.0, 815.0, 2330.0, 815.0], [1717.0, 835.0, 1787.0, 836.0, 1788.0, 850.0, 1717.0, 850.0], [1793.0, 836.0, 1863.0, 837.0, 1863.0, 850.0, 1793.0, 850.0], [1868.0, 836.0, 1947.0, 836.0, 1946.0, 853.0, 1868.0, 853.0], [1952.0, 837.0, 1971.0, 837.0, 1971.0, 854.0, 1952.0, 853.0], [1976.0, 836.0, 2044.0, 836.0, 2045.0, 850.0, 1976.0, 850.0], [2050.0, 837.0, 2077.0, 837.0, 2077.0, 850.0, 2050.0, 850.0], [2082.0, 837.0, 2097.0, 837.0, 2098.0, 850.0, 2082.0, 850.0], [2102.0, 837.0, 2125.0, 837.0, 2125.0, 852.0, 2102.0, 852.0], [2129.0, 836.0, 2181.0, 836.0, 2181.0, 852.0, 2129.0, 852.0], [2186.0, 837.0, 2197.0, 837.0, 2197.0, 850.0, 2186.0, 850.0], [2201.0, 837.0, 2262.0, 837.0, 2262.0, 850.0, 2201.0, 850.0], [2267.0, 836.0, 2283.0, 836.0, 2283.0, 850.0, 2267.0, 850.0], [2286.0, 840.0, 2295.0, 840.0, 2295.0, 850.0, 2286.0, 850.0], [2300.0, 836.0, 2338.0, 837.0, 2338.0, 853.0, 2300.0, 853.0], [2343.0, 837.0, 2366.0, 837.0, 2367.0, 850.0, 2343.0, 850.0], [2371.0, 836.0, 2387.0, 836.0, 2387.0, 850.0, 2371.0, 850.0], [1717.0, 874.0, 1775.0, 874.0, 1775.0, 888.0, 1717.0, 888.0], [1781.0, 874.0, 1836.0, 875.0, 1836.0, 891.0, 1781.0, 890.0], [1841.0, 875.0, 1872.0, 875.0, 1872.0, 888.0, 1840.0, 888.0], [1879.0, 874.0, 1902.0, 874.0, 1902.0, 889.0, 1879.0, 889.0], [1908.0, 874.0, 1957.0, 875.0, 1958.0, 888.0, 1908.0, 888.0], [1963.0, 874.0, 2009.0, 875.0, 2009.0, 890.0, 1963.0, 890.0], [2014.0, 874.0, 2085.0, 875.0, 2086.0, 888.0, 2014.0, 888.0], [2091.0, 877.0, 2120.0, 874.0, 2119.0, 888.0, 2091.0, 888.0], [2125.0, 874.0, 2145.0, 874.0, 2145.0, 888.0, 2125.0, 888.0], [2150.0, 874.0, 2196.0, 874.0, 2197.0, 892.0, 2150.0, 891.0], [2201.0, 875.0, 2284.0, 875.0, 2284.0, 891.0, 2201.0, 890.0], [2289.0, 874.0, 2299.0, 875.0, 2300.0, 888.0, 2289.0, 888.0], [2303.0, 874.0, 2316.0, 873.0, 2317.0, 889.0, 2304.0, 888.0], [2321.0, 874.0, 2357.0, 874.0, 2357.0, 888.0, 2321.0, 888.0], [2362.0, 875.0, 2378.0, 875.0, 2378.0, 888.0, 2362.0, 888.0], [1716.0, 913.0, 1752.0, 913.0, 1752.0, 926.0, 1716.0, 926.0], [1758.0, 913.0, 1785.0, 913.0, 1785.0, 927.0, 1757.0, 927.0], [1790.0, 913.0, 1819.0, 913.0, 1820.0, 926.0, 1791.0, 926.0], [1825.0, 913.0, 1899.0, 914.0, 1899.0, 928.0, 1825.0, 928.0], [1903.0, 913.0, 1945.0, 913.0, 1946.0, 926.0, 1903.0, 926.0], [1952.0, 912.0, 2047.0, 913.0, 2047.0, 929.0, 1952.0, 928.0]], "detPolPoints": [[1711.0, 795.0, 1763.0, 796.0, 1763.0, 813.0, 1711.0, 812.0], [1838.0, 874.0, 1873.0, 873.0, 1873.0, 888.0, 1839.0, 889.0]], "gtDontCare": [], "detDontCare": [], "evaluationParams": {"IOU_CONSTRAINT": 0.5, "AREA_PRECISION_CONSTRAINT": 0.5, "GT_SAMPLE_NAME_2_ID": "gt_img_([0-9]+).txt", "DET_SAMPLE_NAME_2_ID": "res_img_([0-9]+).txt", "LTRB": false, "CRLF": false, "CONFIDENCES": false, "PER_SAMPLE_RESULTS": true}, "evaluationLog": "GT polygons: 49\nDET polygons: 2\nMatch GT #0 with Det #0\nMatch GT #30 with Det #1\n"}