{"calculated": true, "Message": "", "method": {"precision": 0.9510552312528064, "recall": 0.4598349978289188, "hmean": 0.6199326796429093, "AP": 0}}