{"calculated": true, "Message": "", "method": {"precision": 0.8488876047385149, "recall": 0.6378636561007381, "hmean": 0.7283996529069047, "AP": 0}}