{"precision": 0.0, "recall": 0.0, "hmean": 0, "pairs": [], "AP": 0, "iouMat": [[0.0, 0.0], [0.0, 0.0], [0.0, 0.0], [0.0, 0.0], [0.0, 0.0], [0.0, 0.0], [0.0, 0.0], [0.0, 0.0], [0.0, 0.0], [0.0, 0.0], [0.0, 0.0], [0.0, 0.0], [0.0, 0.0], [0.0, 0.0], [0.0, 0.0], [0.0, 0.0], [0.0, 0.0], [0.0, 0.0], [0.0, 0.0], [0.0, 0.0], [0.0, 0.0], [0.0, 0.0], [0.0, 0.0], [0.0, 0.0], [0.0, 0.0], [0.0, 0.0], [0.0, 0.0], [0.0, 0.0], [0.0, 0.0], [0.0, 0.0], [0.0, 0.0], [0.0, 0.0], [0.0, 0.0], [0.0, 0.0], [0.0, 0.0], [0.0, 0.0], [0.0, 0.0], [0.0, 0.0], [0.0, 0.0], [0.0, 0.0], [0.0, 0.0], [0.0, 0.0], [0.0, 0.0], [0.43932032124209697, 0.0], [0.0, 0.0], [0.0, 0.492232246653396], [0.0, 0.0], [0.0, 0.0], [0.0, 0.0]], "gtPolPoints": [[1746.0, 415.0, 1834.0, 525.0, 1805.0, 556.0, 1710.0, 446.0], [1846.0, 543.0, 2240.0, 1011.0, 2202.0, 1049.0, 1809.0, 579.0], [2251.0, 1029.0, 2359.0, 1154.0, 2329.0, 1181.0, 2224.0, 1057.0], [2371.0, 1166.0, 2416.0, 1222.0, 2386.0, 1250.0, 2340.0, 1194.0], [1688.0, 464.0, 1824.0, 638.0, 1798.0, 661.0, 1655.0, 489.0], [1845.0, 653.0, 1960.0, 794.0, 1930.0, 821.0, 1809.0, 682.0], [1975.0, 806.0, 1998.0, 838.0, 1971.0, 865.0, 1945.0, 835.0], [2015.0, 856.0, 2137.0, 1006.0, 2110.0, 1031.0, 1985.0, 881.0], [2151.0, 1021.0, 2210.0, 1087.0, 2180.0, 1112.0, 2121.0, 1044.0], [2224.0, 1105.0, 2246.0, 1132.0, 2216.0, 1158.0, 2194.0, 1130.0], [2252.0, 1154.0, 2290.0, 1198.0, 2268.0, 1217.0, 2230.0, 1173.0], [2311.0, 1208.0, 2406.0, 1323.0, 2376.0, 1355.0, 2275.0, 1240.0], [1631.0, 516.0, 1782.0, 688.0, 1753.0, 714.0, 1604.0, 536.0], [1797.0, 706.0, 1942.0, 881.0, 1912.0, 907.0, 1765.0, 731.0], [1957.0, 897.0, 2123.0, 1096.0, 2080.0, 1119.0, 1922.0, 929.0], [2138.0, 1111.0, 2173.0, 1158.0, 2135.0, 1186.0, 2101.0, 1143.0], [2187.0, 1172.0, 2331.0, 1342.0, 2302.0, 1369.0, 2158.0, 1198.0], [2343.0, 1356.0, 2401.0, 1424.0, 2365.0, 1455.0, 2309.0, 1388.0], [1577.0, 558.0, 1608.0, 594.0, 1580.0, 618.0, 1547.0, 581.0], [1619.0, 607.0, 1667.0, 661.0, 1632.0, 691.0, 1585.0, 636.0], [1681.0, 679.0, 1782.0, 799.0, 1747.0, 828.0, 1648.0, 705.0], [1796.0, 818.0, 1815.0, 841.0, 1788.0, 867.0, 1767.0, 843.0], [1827.0, 858.0, 1957.0, 1007.0, 1928.0, 1032.0, 1800.0, 883.0], [1970.0, 1020.0, 2002.0, 1058.0, 1972.0, 1086.0, 1941.0, 1048.0], [2002.0, 1076.0, 2019.0, 1097.0, 1998.0, 1117.0, 1981.0, 1097.0], [2043.0, 1109.0, 2118.0, 1203.0, 2084.0, 1234.0, 2005.0, 1139.0], [2130.0, 1220.0, 2178.0, 1276.0, 2151.0, 1302.0, 2103.0, 1244.0], [2191.0, 1291.0, 2225.0, 1325.0, 2196.0, 1351.0, 2164.0, 1315.0], [2237.0, 1339.0, 2361.0, 1487.0, 2331.0, 1513.0, 2208.0, 1367.0], [1525.0, 601.0, 1636.0, 738.0, 1605.0, 768.0, 1486.0, 633.0], [1653.0, 752.0, 1717.0, 832.0, 1687.0, 857.0, 1622.0, 778.0], [1730.0, 851.0, 1778.0, 904.0, 1748.0, 932.0, 1702.0, 875.0], [1794.0, 922.0, 1896.0, 1046.0, 1868.0, 1071.0, 1764.0, 948.0], [1910.0, 1062.0, 2008.0, 1179.0, 1973.0, 1209.0, 1873.0, 1094.0], [2022.0, 1194.0, 2171.0, 1370.0, 2141.0, 1399.0, 1992.0, 1219.0], [2183.0, 1390.0, 2241.0, 1457.0, 2211.0, 1482.0, 2153.0, 1415.0], [2256.0, 1475.0, 2292.0, 1517.0, 2264.0, 1544.0, 2227.0, 1501.0], [1473.0, 647.0, 1566.0, 766.0, 1529.0, 795.0, 1432.0, 679.0], [1577.0, 780.0, 1754.0, 986.0, 1719.0, 1017.0, 1541.0, 809.0], [1770.0, 1007.0, 1787.0, 1030.0, 1760.0, 1054.0, 1741.0, 1033.0], [1803.0, 1044.0, 1824.0, 1071.0, 1795.0, 1098.0, 1773.0, 1069.0], [1838.0, 1088.0, 1912.0, 1175.0, 1882.0, 1201.0, 1809.0, 1113.0], [1924.0, 1191.0, 1951.0, 1231.0, 1923.0, 1255.0, 1898.0, 1219.0], [1968.0, 1242.0, 2040.0, 1331.0, 2011.0, 1354.0, 1939.0, 1267.0], [2054.0, 1346.0, 2113.0, 1412.0, 2083.0, 1439.0, 2026.0, 1370.0], [2123.0, 1430.0, 2184.0, 1503.0, 2157.0, 1528.0, 2096.0, 1454.0], [1409.0, 701.0, 1567.0, 879.0, 1535.0, 907.0, 1375.0, 724.0], [1579.0, 888.0, 1670.0, 997.0, 1643.0, 1024.0, 1551.0, 915.0], [1684.0, 1014.0, 1888.0, 1254.0, 1851.0, 1287.0, 1648.0, 1047.0]], "detPolPoints": [[1965.0, 1295.0, 2020.0, 1281.0, 2034.0, 1340.0, 1980.0, 1353.0], [2112.0, 1468.0, 2167.0, 1455.0, 2180.0, 1509.0, 2125.0, 1523.0]], "gtDontCare": [], "detDontCare": [], "evaluationParams": {"IOU_CONSTRAINT": 0.5, "AREA_PRECISION_CONSTRAINT": 0.5, "GT_SAMPLE_NAME_2_ID": "gt_img_([0-9]+).txt", "DET_SAMPLE_NAME_2_ID": "res_img_([0-9]+).txt", "LTRB": false, "CRLF": false, "CONFIDENCES": false, "PER_SAMPLE_RESULTS": true}, "evaluationLog": "GT polygons: 49\nDET polygons: 2\n"}