{"calculated": true, "Message": "", "method": {"recall": 0.7292661745549284, "precision": 0.776827012025902, "hmean": 0.7522956326987683, "AP": 0}}