{"precision": 0.0, "recall": 0.0, "hmean": 0, "pairs": [], "AP": 0, "iouMat": [[0.0, 0.0, 0.0, 0.0, 0.0, 0.0, 0.0, 0.0], [0.0, 0.0, 0.0, 0.0, 0.0, 0.0, 0.0, 0.0], [0.0, 0.0, 0.0, 0.0, 0.0, 0.0, 0.0, 0.0], [0.0, 0.0, 0.0, 0.0, 0.0, 0.0, 0.0, 0.0], [0.0, 0.0, 0.0, 0.0, 0.0, 0.0, 0.0, 0.0], [0.0, 0.0, 0.0, 0.0, 0.0, 0.0, 0.0, 0.0], [0.0, 0.0, 0.0, 0.0, 0.0, 0.0, 0.0, 0.04430223972434162], [0.0, 0.0, 0.0, 0.0, 0.0, 0.0, 0.0, 0.41007194244604317], [0.0, 0.0, 0.0, 0.0, 0.0, 0.0, 0.030732860520094562, 0.0], [0.0, 0.0, 0.0, 0.0, 0.0, 0.0, 0.06417410714285714, 0.0], [0.0, 0.0, 0.0, 0.0, 0.0, 0.0, 0.07366071428571429, 0.0], [0.0, 0.0, 0.0, 0.0, 0.0, 0.0, 0.2574828705373242, 0.0], [0.0, 0.0, 0.11812297324364669, 0.0, 0.0, 0.0, 0.0, 0.0], [0.0, 0.0, 0.2642040028327199, 0.0, 0.0, 0.0, 0.0, 0.0], [0.0, 0.0, 0.0, 0.0, 0.0, 0.0, 0.0, 0.0], [0.0, 0.0, 0.0, 0.0, 0.0, 0.0, 0.0, 0.0], [0.0, 0.0, 0.0, 0.0, 0.0, 0.050217391304347825, 0.0, 0.0], [0.0, 0.0, 0.0, 0.0, 0.0, 0.09065082644628099, 0.0, 0.0], [0.0, 0.0, 0.0, 0.0, 0.0, 0.052040289256198344, 0.0, 0.0], [0.0, 0.0, 0.0, 0.0, 0.04152823920265781, 0.052408285500374345, 0.0, 0.0], [0.0, 0.0, 0.0, 0.002785515320334262, 0.3577981651376147, 0.0, 0.0, 0.0], [0.0, 0.0, 0.0, 0.029017857142857144, 0.0, 0.0, 0.0, 0.0], [0.0, 0.0, 0.0, 0.1609172077922078, 0.0, 0.0, 0.0, 0.0], [0.0, 0.0, 0.0, 0.045454545454545456, 0.0, 0.0, 0.0, 0.0], [0.0, 0.0, 0.0, 0.012101653892698669, 0.0, 0.0, 0.0, 0.0], [0.0, 0.2922090163395416, 0.0, 0.0, 0.0, 0.0, 0.0, 0.0], [0.0, 0.14289055191768008, 0.0, 0.0, 0.0, 0.0, 0.0, 0.0], [0.0, 0.03279405334499344, 0.0, 0.0, 0.0, 0.0, 0.0, 0.0], [0.0, 0.0, 0.0, 0.0, 0.0, 0.0, 0.0, 0.0], [0.0, 0.0, 0.0, 0.0, 0.0, 0.0, 0.0, 0.0], [0.0, 0.0, 0.0, 0.0, 0.0, 0.0, 0.0, 0.0], [0.0, 0.0, 0.0, 0.0, 0.0, 0.0, 0.0, 0.0], [0.0, 0.0, 0.0, 0.0, 0.0, 0.0, 0.0, 0.0], [0.0, 0.0, 0.0, 0.0, 0.0, 0.0, 0.0, 0.0], [0.0, 0.0, 0.0, 0.0, 0.0, 0.0, 0.0, 0.0], [0.0, 0.0, 0.0, 0.0, 0.0, 0.0, 0.0, 0.0], [0.0, 0.0, 0.0, 0.0, 0.0, 0.0, 0.0, 0.0], [0.0, 0.0, 0.0, 0.0, 0.0, 0.0, 0.0, 0.0], [0.0, 0.0, 0.0, 0.0, 0.0, 0.0, 0.0, 0.0], [0.1310185185185185, 0.0, 0.0, 0.0, 0.0, 0.0, 0.0, 0.0], [0.18055555555555555, 0.0, 0.0, 0.0, 0.0, 0.0, 0.0, 0.0], [0.06594885598923284, 0.0, 0.0, 0.0, 0.0, 0.0, 0.0, 0.0], [0.0, 0.0, 0.0, 0.0, 0.0, 0.0, 0.0, 0.0], [0.0, 0.0, 0.0, 0.0, 0.0, 0.0, 0.0, 0.0], [0.0, 0.0, 0.0, 0.0, 0.0, 0.0, 0.0, 0.0], [0.0, 0.0, 0.0, 0.0, 0.0, 0.0, 0.0, 0.0], [0.0, 0.0, 0.0, 0.0, 0.0, 0.0, 0.0, 0.0], [0.0, 0.0, 0.0, 0.0, 0.0, 0.0, 0.0, 0.0], [0.0, 0.0, 0.0, 0.0, 0.0, 0.0, 0.0, 0.0]], "gtPolPoints": [[1717.0, 798.0, 1761.0, 798.0, 1761.0, 812.0, 1716.0, 812.0], [1766.0, 798.0, 1950.0, 798.0, 1950.0, 814.0, 1766.0, 815.0], [1956.0, 799.0, 2007.0, 799.0, 2007.0, 812.0, 1956.0, 812.0], [2012.0, 798.0, 2032.0, 798.0, 2032.0, 812.0, 2012.0, 812.0], [2037.0, 798.0, 2104.0, 799.0, 2104.0, 812.0, 2037.0, 812.0], [2110.0, 798.0, 2167.0, 798.0, 2167.0, 815.0, 2111.0, 815.0], [2171.0, 798.0, 2186.0, 798.0, 2186.0, 813.0, 2172.0, 813.0], [2191.0, 798.0, 2251.0, 798.0, 2251.0, 812.0, 2191.0, 812.0], [2255.0, 799.0, 2283.0, 799.0, 2283.0, 812.0, 2255.0, 812.0], [2289.0, 798.0, 2300.0, 798.0, 2301.0, 813.0, 2289.0, 813.0], [2306.0, 801.0, 2324.0, 801.0, 2324.0, 812.0, 2306.0, 812.0], [2330.0, 798.0, 2377.0, 798.0, 2377.0, 815.0, 2330.0, 815.0], [1717.0, 835.0, 1787.0, 836.0, 1788.0, 850.0, 1717.0, 850.0], [1793.0, 836.0, 1863.0, 837.0, 1863.0, 850.0, 1793.0, 850.0], [1868.0, 836.0, 1947.0, 836.0, 1946.0, 853.0, 1868.0, 853.0], [1952.0, 837.0, 1971.0, 837.0, 1971.0, 854.0, 1952.0, 853.0], [1976.0, 836.0, 2044.0, 836.0, 2045.0, 850.0, 1976.0, 850.0], [2050.0, 837.0, 2077.0, 837.0, 2077.0, 850.0, 2050.0, 850.0], [2082.0, 837.0, 2097.0, 837.0, 2098.0, 850.0, 2082.0, 850.0], [2102.0, 837.0, 2125.0, 837.0, 2125.0, 852.0, 2102.0, 852.0], [2129.0, 836.0, 2181.0, 836.0, 2181.0, 852.0, 2129.0, 852.0], [2186.0, 837.0, 2197.0, 837.0, 2197.0, 850.0, 2186.0, 850.0], [2201.0, 837.0, 2262.0, 837.0, 2262.0, 850.0, 2201.0, 850.0], [2267.0, 836.0, 2283.0, 836.0, 2283.0, 850.0, 2267.0, 850.0], [2286.0, 840.0, 2295.0, 840.0, 2295.0, 850.0, 2286.0, 850.0], [2300.0, 836.0, 2338.0, 837.0, 2338.0, 853.0, 2300.0, 853.0], [2343.0, 837.0, 2366.0, 837.0, 2367.0, 850.0, 2343.0, 850.0], [2371.0, 836.0, 2387.0, 836.0, 2387.0, 850.0, 2371.0, 850.0], [1717.0, 874.0, 1775.0, 874.0, 1775.0, 888.0, 1717.0, 888.0], [1781.0, 874.0, 1836.0, 875.0, 1836.0, 891.0, 1781.0, 890.0], [1841.0, 875.0, 1872.0, 875.0, 1872.0, 888.0, 1840.0, 888.0], [1879.0, 874.0, 1902.0, 874.0, 1902.0, 889.0, 1879.0, 889.0], [1908.0, 874.0, 1957.0, 875.0, 1958.0, 888.0, 1908.0, 888.0], [1963.0, 874.0, 2009.0, 875.0, 2009.0, 890.0, 1963.0, 890.0], [2014.0, 874.0, 2085.0, 875.0, 2086.0, 888.0, 2014.0, 888.0], [2091.0, 877.0, 2120.0, 874.0, 2119.0, 888.0, 2091.0, 888.0], [2125.0, 874.0, 2145.0, 874.0, 2145.0, 888.0, 2125.0, 888.0], [2150.0, 874.0, 2196.0, 874.0, 2197.0, 892.0, 2150.0, 891.0], [2201.0, 875.0, 2284.0, 875.0, 2284.0, 891.0, 2201.0, 890.0], [2289.0, 874.0, 2299.0, 875.0, 2300.0, 888.0, 2289.0, 888.0], [2303.0, 874.0, 2316.0, 873.0, 2317.0, 889.0, 2304.0, 888.0], [2321.0, 874.0, 2357.0, 874.0, 2357.0, 888.0, 2321.0, 888.0], [2362.0, 875.0, 2378.0, 875.0, 2378.0, 888.0, 2362.0, 888.0], [1716.0, 913.0, 1752.0, 913.0, 1752.0, 926.0, 1716.0, 926.0], [1758.0, 913.0, 1785.0, 913.0, 1785.0, 927.0, 1757.0, 927.0], [1790.0, 913.0, 1819.0, 913.0, 1820.0, 926.0, 1791.0, 926.0], [1825.0, 913.0, 1899.0, 914.0, 1899.0, 928.0, 1825.0, 928.0], [1903.0, 913.0, 1945.0, 913.0, 1946.0, 926.0, 1903.0, 926.0], [1952.0, 912.0, 2047.0, 913.0, 2047.0, 929.0, 1952.0, 928.0]], "detPolPoints": [[2288.0, 862.0, 2328.0, 862.0, 2328.0, 889.0, 2288.0, 889.0], [2301.0, 829.0, 2377.0, 834.0, 2375.0, 862.0, 2299.0, 857.0], [1764.0, 830.0, 1840.0, 830.0, 1840.0, 858.0, 1764.0, 858.0], [2180.0, 822.0, 2292.0, 822.0, 2292.0, 866.0, 2180.0, 866.0], [2120.0, 826.0, 2168.0, 826.0, 2168.0, 858.0, 2120.0, 858.0], [2028.0, 822.0, 2116.0, 822.0, 2116.0, 866.0, 2028.0, 866.0], [2276.0, 790.0, 2372.0, 790.0, 2372.0, 818.0, 2276.0, 818.0], [2180.0, 790.0, 2248.0, 790.0, 2248.0, 818.0, 2180.0, 818.0]], "gtDontCare": [], "detDontCare": [], "evaluationParams": {"IOU_CONSTRAINT": 0.5, "AREA_PRECISION_CONSTRAINT": 0.5, "GT_SAMPLE_NAME_2_ID": "gt_img_([0-9]+).txt", "DET_SAMPLE_NAME_2_ID": "res_img_([0-9]+).txt", "LTRB": false, "CRLF": false, "CONFIDENCES": false, "PER_SAMPLE_RESULTS": true}, "evaluationLog": "GT polygons: 49\nDET polygons: 8\n"}