{"calculated": true, "Message": "", "method": {"precision": 0.7457142857142857, "recall": 0.6233174120712115, "hmean": 0.6790444654683065, "AP": 0}}